股票名称,股票代码,日期,开盘,收盘,最高,最低,成交量,成交额,振幅,涨跌幅,涨跌额,换手率
东方电缆,603606,2014-10-15,1.41,1.92,1.92,1.41,488,574161.0,52.04,95.92,0.94,0.16
东方电缆,603606,2014-10-16,2.22,2.22,2.22,2.22,229,297471.0,0.0,15.63,0.3,0.07
东方电缆,603606,2014-10-17,2.56,2.56,2.56,2.56,460,657740.0,0.0,15.32,0.34,0.15
东方电缆,603606,2014-10-20,2.93,2.93,2.93,2.93,711,1117692.0,0.0,14.45,0.37,0.23
东方电缆,603606,2014-10-21,3.34,3.34,3.34,3.34,2622,4533438.0,0.0,13.99,0.41,0.84
东方电缆,603606,2014-10-22,3.79,3.79,3.79,3.79,16408,31207997.0,0.0,13.47,0.45,5.23
东方电缆,603606,2014-10-23,4.12,4.28,4.28,4.05,102387,211061242.0,6.07,12.93,0.49,32.66
东方电缆,603606,2014-10-24,4.56,4.55,4.79,4.46,201705,448466400.0,7.71,6.31,0.27,64.34
东方电缆,603606,2014-10-27,4.45,4.06,4.47,3.98,111658,227428039.0,10.77,-10.77,-0.49,35.62
东方电缆,603606,2014-10-28,4.02,4.11,4.17,4.01,74379,150965689.0,3.94,1.23,0.05,23.73
东方电缆,603606,2014-10-29,4.16,4.51,4.58,4.11,112764,237757526.0,11.44,9.73,0.4,35.97
东方电缆,603606,2014-10-30,4.4,4.32,4.49,4.29,83444,177373471.0,4.43,-4.21,-0.19,26.62
东方电缆,603606,2014-10-31,4.29,4.52,4.61,4.27,104420,226770280.0,7.87,4.63,0.2,33.31
东方电缆,603606,2014-11-03,4.56,5.09,5.09,4.47,116288,269794416.0,13.72,12.61,0.57,37.09
东方电缆,603606,2014-11-04,5.28,4.95,5.69,4.93,166354,416016224.0,14.93,-2.75,-0.14,53.06
东方电缆,603606,2014-11-05,4.81,5.56,5.56,4.76,109817,269286464.0,16.16,12.32,0.61,35.03
东方电缆,603606,2014-11-06,5.9,6.23,6.23,5.71,140287,386904960.0,9.35,12.05,0.67,44.75
东方电缆,603606,2014-11-07,6.65,6.97,6.97,6.63,74795,231740159.0,5.46,11.88,0.74,23.86
东方电缆,603606,2014-11-10,7.22,7.48,7.78,6.76,182251,600887584.0,14.63,7.32,0.51,58.13
东方电缆,603606,2014-11-11,7.12,6.97,7.38,6.86,110756,352937840.0,6.95,-6.82,-0.51,35.33
东方电缆,603606,2014-11-12,6.81,7.12,7.41,6.18,119704,370639696.0,17.65,2.15,0.15,38.18
东方电缆,603606,2014-11-13,6.63,6.47,7.12,6.37,75578,230537287.0,10.53,-9.13,-0.65,24.11
东方电缆,603606,2014-11-14,6.38,5.78,6.63,5.73,77137,213712226.0,13.91,-10.66,-0.69,24.61
东方电缆,603606,2014-11-17,5.67,5.84,5.97,5.59,51613,138844119.0,6.57,1.04,0.06,16.46
东方电缆,603606,2014-11-18,5.74,6.01,6.06,5.67,54294,147170574.0,6.68,2.91,0.17,17.32
东方电缆,603606,2014-11-19,5.93,5.86,5.97,5.77,39515,106694524.0,3.33,-2.5,-0.15,12.6
东方电缆,603606,2014-11-20,5.77,6.31,6.4,5.72,80078,224824213.0,11.6,7.68,0.45,25.54
东方电缆,603606,2014-11-21,6.2,6.24,6.63,6.12,78711,227945342.0,8.08,-1.11,-0.07,25.11
东方电缆,603606,2014-11-24,6.34,6.32,6.46,6.16,55035,158441418.0,4.81,1.28,0.08,17.56
东方电缆,603606,2014-11-25,6.29,6.05,6.34,5.96,54776,152785095.0,6.01,-4.27,-0.27,17.47
东方电缆,603606,2014-11-26,6.05,6.19,6.2,5.99,36927,103135633.0,3.47,2.31,0.14,11.78
东方电缆,603606,2014-11-27,6.2,6.2,6.36,6.12,46062,131723204.0,3.88,0.16,0.01,14.69
东方电缆,603606,2014-11-28,6.12,5.99,6.18,5.93,40395,111497191.0,4.03,-3.39,-0.21,12.89
东方电缆,603606,2014-12-01,6.0,5.98,6.07,5.87,27742,76030154.0,3.34,-0.17,-0.01,8.85
东方电缆,603606,2014-12-02,5.96,6.27,6.57,5.94,60278,173416784.0,10.54,4.85,0.29,19.23
东方电缆,603606,2014-12-03,6.27,6.1,6.37,5.94,44963,125766495.0,6.86,-2.71,-0.17,14.34
东方电缆,603606,2014-12-04,6.04,6.07,6.17,5.99,31555,87626438.0,2.95,-0.49,-0.03,10.07
东方电缆,603606,2014-12-05,6.05,5.57,6.07,5.5,42529,112602638.0,9.39,-8.24,-0.5,13.57
东方电缆,603606,2014-12-08,5.55,5.39,5.55,5.34,27425,69306572.0,3.77,-3.23,-0.18,8.75
东方电缆,603606,2014-12-09,5.41,5.04,5.72,4.99,34091,85897219.0,13.54,-6.49,-0.35,10.87
东方电缆,603606,2014-12-10,4.95,5.27,5.38,4.92,24172,58813848.0,9.13,4.56,0.23,7.71
东方电缆,603606,2014-12-11,5.28,5.45,5.6,5.14,27632,69735597.0,8.73,3.42,0.18,8.81
东方电缆,603606,2014-12-12,5.43,5.35,5.52,5.28,19081,47894995.0,4.4,-1.83,-0.1,6.09
东方电缆,603606,2014-12-15,5.31,5.41,5.47,5.26,13859,34935167.0,3.93,1.12,0.06,4.42
东方电缆,603606,2014-12-16,5.42,5.29,5.46,5.26,16115,40192644.0,3.7,-2.22,-0.12,5.14
东方电缆,603606,2014-12-17,5.23,5.06,5.24,5.05,19077,46005221.0,3.59,-4.35,-0.23,6.09
东方电缆,603606,2014-12-18,5.02,5.03,5.19,5.02,12768,30684010.0,3.36,-0.59,-0.03,4.07
东方电缆,603606,2014-12-19,5.08,4.66,5.11,4.6,22469,51183256.0,10.14,-7.36,-0.37,7.17
东方电缆,603606,2014-12-22,4.66,4.08,4.7,4.08,21669,44609898.0,13.3,-12.45,-0.58,6.91
东方电缆,603606,2014-12-23,4.07,4.23,4.42,4.07,18820,39571792.0,8.58,3.68,0.15,6.0
东方电缆,603606,2014-12-24,4.32,4.77,4.77,4.3,25221,54958045.0,11.11,12.77,0.54,8.05
东方电缆,603606,2014-12-25,4.92,4.82,4.92,4.58,32343,73553364.0,7.13,1.05,0.05,10.32
东方电缆,603606,2014-12-26,4.73,4.72,4.82,4.63,13195,29892753.0,3.94,-2.07,-0.1,4.21
东方电缆,603606,2014-12-29,4.69,4.5,4.69,4.39,16254,35405463.0,6.36,-4.66,-0.22,5.18
东方电缆,603606,2014-12-30,4.51,4.62,4.76,4.51,16298,36305240.0,5.56,2.67,0.12,5.2
东方电缆,603606,2014-12-31,4.61,4.56,4.7,4.43,15315,33633420.0,5.84,-1.3,-0.06,4.89
东方电缆,603606,2015-01-05,4.54,4.44,4.54,4.32,14316,30662778.0,4.82,-2.63,-0.12,4.57
东方电缆,603606,2015-01-06,4.4,4.61,4.66,4.36,20520,44944889.0,6.76,3.83,0.17,6.55
东方电缆,603606,2015-01-07,4.63,4.5,4.63,4.43,13532,29469921.0,4.34,-2.39,-0.11,4.32
东方电缆,603606,2015-01-08,4.51,4.92,4.95,4.47,49806,113737903.0,10.67,9.33,0.42,15.89
东方电缆,603606,2015-01-09,4.92,4.74,4.92,4.68,27924,63881932.0,4.88,-3.66,-0.18,8.91
东方电缆,603606,2015-01-12,4.59,4.45,4.66,4.43,15067,32907789.0,4.85,-6.12,-0.29,4.81
东方电缆,603606,2015-01-13,4.38,4.53,4.55,4.36,10348,22462088.0,4.27,1.8,0.08,3.3
东方电缆,603606,2015-01-14,4.5,4.36,4.52,4.32,14588,31096411.0,4.42,-3.75,-0.17,4.65
东方电缆,603606,2015-01-15,4.39,4.38,4.47,4.35,10655,22815718.0,2.75,0.46,0.02,3.4
东方电缆,603606,2015-01-16,4.41,4.46,4.55,4.38,12405,26859275.0,3.88,1.83,0.08,3.96
东方电缆,603606,2015-01-19,4.54,5.02,5.02,4.54,56399,133357032.0,10.76,12.56,0.56,17.99
东方电缆,603606,2015-01-20,5.26,5.63,5.63,5.13,118232,298665344.0,9.96,12.15,0.61,37.71
东方电缆,603606,2015-01-21,5.84,5.55,5.84,5.36,89540,229566726.0,8.53,-1.42,-0.08,28.56
东方电缆,603606,2015-01-22,5.42,5.46,5.55,5.4,47948,122317049.0,2.7,-1.62,-0.09,15.29
东方电缆,603606,2015-01-23,5.41,5.26,5.52,5.23,38121,95556944.0,5.31,-3.66,-0.2,12.16
东方电缆,603606,2015-01-26,5.2,5.4,5.41,5.17,25374,63234141.0,4.56,2.66,0.14,8.09
东方电缆,603606,2015-01-27,5.41,5.33,5.41,5.17,19665,48878588.0,4.44,-1.3,-0.07,6.27
东方电缆,603606,2015-01-28,5.33,5.72,5.93,5.24,70742,183568876.0,12.95,7.32,0.39,22.57
东方电缆,603606,2015-01-29,5.64,5.41,5.7,5.39,37805,97526969.0,5.42,-5.42,-0.31,12.06
东方电缆,603606,2015-01-30,5.34,5.19,5.48,5.18,22050,54680501.0,5.55,-4.07,-0.22,7.03
东方电缆,603606,2015-02-02,5.17,5.23,5.31,5.02,11950,29234989.0,5.59,0.77,0.04,3.81
东方电缆,603606,2015-02-03,5.23,5.28,5.46,5.23,19376,48781641.0,4.4,0.96,0.05,6.18
东方电缆,603606,2015-02-04,5.21,5.17,5.33,5.16,15656,38410200.0,3.22,-2.08,-0.11,4.99
东方电缆,603606,2015-02-05,5.28,5.16,5.28,5.15,11192,27390577.0,2.51,-0.19,-0.01,3.57
东方电缆,603606,2015-02-06,5.11,4.75,5.2,4.71,20930,48753301.0,9.5,-7.95,-0.41,6.68
东方电缆,603606,2015-02-09,4.73,4.63,4.73,4.57,9632,21576233.0,3.37,-2.53,-0.12,3.07
东方电缆,603606,2015-02-10,4.61,4.63,4.69,4.57,13589,30272107.0,2.59,0.0,0.0,4.33
东方电缆,603606,2015-02-11,4.68,4.78,4.87,4.65,11394,26044800.0,4.75,3.24,0.15,3.63
东方电缆,603606,2015-02-12,4.77,4.86,4.94,4.75,11412,26325300.0,3.97,1.67,0.08,3.64
东方电缆,603606,2015-02-13,4.92,4.98,5.01,4.87,14375,33839355.0,2.88,2.47,0.12,4.59
东方电缆,603606,2015-02-16,4.98,5.01,5.03,4.92,9689,22900228.0,2.21,0.6,0.03,3.09
东方电缆,603606,2015-02-17,5.05,4.99,5.06,4.95,8459,20032330.0,2.2,-0.4,-0.02,2.7
东方电缆,603606,2015-02-25,4.99,4.9,5.02,4.9,7304,17119291.0,2.4,-1.8,-0.09,2.33
东方电缆,603606,2015-02-26,4.9,4.97,4.98,4.87,7135,16734425.0,2.24,1.43,0.07,2.28
东方电缆,603606,2015-02-27,4.97,5.0,5.01,4.92,9060,21388230.0,1.81,0.6,0.03,2.89
东方电缆,603606,2015-03-02,5.07,5.18,5.2,4.98,16379,39568075.0,4.4,3.6,0.18,5.22
东方电缆,603606,2015-03-03,5.16,5.06,5.17,5.05,16775,40482186.0,2.32,-2.32,-0.12,5.35
东方电缆,603606,2015-03-04,5.08,5.12,5.13,5.06,14283,34413255.0,1.38,1.19,0.06,4.56
东方电缆,603606,2015-03-05,5.15,5.22,5.25,5.1,17340,42396165.0,2.93,1.95,0.1,5.53
东方电缆,603606,2015-03-06,5.22,5.06,5.25,5.03,15655,37675233.0,4.21,-3.07,-0.16,4.99
东方电缆,603606,2015-03-09,5.07,5.04,5.07,4.97,8550,20356351.0,1.98,-0.4,-0.02,2.73
东方电缆,603606,2015-03-10,5.04,5.01,5.04,4.91,11764,27743881.0,2.58,-0.6,-0.03,3.75
东方电缆,603606,2015-03-11,5.02,4.95,5.03,4.94,11454,27070784.0,1.8,-1.2,-0.06,3.65
东方电缆,603606,2015-03-12,4.91,4.87,4.97,4.83,12849,29870370.0,2.83,-1.62,-0.08,4.1
东方电缆,603606,2015-03-13,4.87,5.01,5.01,4.87,11088,26180614.0,2.87,2.87,0.14,3.54
东方电缆,603606,2015-03-16,5.05,5.2,5.2,5.03,23707,57711367.0,3.39,3.79,0.19,7.56
东方电缆,603606,2015-03-17,5.24,5.35,5.38,5.15,33186,81949943.0,4.42,2.88,0.15,10.59
东方电缆,603606,2015-03-18,5.33,5.45,5.46,5.26,29754,74684631.0,3.74,1.87,0.1,9.49
东方电缆,603606,2015-03-19,5.46,5.42,5.48,5.29,27341,68741309.0,3.49,-0.55,-0.03,8.72
东方电缆,603606,2015-03-20,5.39,5.45,5.52,5.36,27662,70552235.0,2.95,0.55,0.03,8.82
东方电缆,603606,2015-03-23,5.46,5.49,5.53,5.39,25378,64658548.0,2.57,0.73,0.04,8.09
东方电缆,603606,2015-03-24,5.49,5.34,5.49,5.17,25947,65074183.0,5.83,-2.73,-0.15,8.28
东方电缆,603606,2015-03-25,5.34,5.86,5.88,5.26,53774,139548790.0,11.61,9.74,0.52,17.15
东方电缆,603606,2015-03-26,5.77,5.59,5.77,5.57,35538,93185934.0,3.41,-4.61,-0.27,11.34
东方电缆,603606,2015-03-27,5.67,5.73,5.81,5.58,33764,89391915.0,4.11,2.5,0.14,10.77
东方电缆,603606,2015-03-30,5.76,5.74,5.83,5.51,40202,105643139.0,5.58,0.17,0.01,12.82
东方电缆,603606,2015-03-31,5.72,5.65,5.72,5.61,20529,53864476.0,1.92,-1.57,-0.09,6.55
东方电缆,603606,2015-04-01,5.66,5.75,5.76,5.62,26709,70895882.0,2.48,1.77,0.1,8.52
东方电缆,603606,2015-04-02,5.77,6.05,6.08,5.72,52598,143979126.0,6.26,5.22,0.3,16.78
东方电缆,603606,2015-04-03,6.05,6.38,6.75,5.98,60195,174460036.0,12.73,5.45,0.33,19.2
东方电缆,603606,2015-04-07,6.38,6.56,6.83,6.34,43475,129551335.0,7.68,2.82,0.18,13.87
东方电缆,603606,2015-04-08,6.63,6.51,6.76,6.24,33973,100665797.0,7.93,-0.76,-0.05,10.84
东方电缆,603606,2015-04-09,6.57,7.03,7.19,6.21,63843,193204823.0,15.05,7.99,0.52,20.36
东方电缆,603606,2015-04-10,7.84,7.84,7.84,7.84,14568,50537329.0,0.0,11.52,0.81,4.65
东方电缆,603606,2015-04-13,8.74,8.74,8.74,8.6,29358,111942099.0,1.79,11.48,0.9,9.36
东方电缆,603606,2015-04-14,9.26,9.45,9.73,8.88,133799,538171872.0,9.73,8.12,0.71,42.68
东方电缆,603606,2015-04-15,8.99,8.39,9.16,8.39,66297,251565010.0,8.15,-11.22,-1.06,21.15
东方电缆,603606,2015-04-16,8.0,8.08,8.44,7.69,51055,181112939.0,8.94,-3.69,-0.31,16.29
东方电缆,603606,2015-04-17,8.28,8.47,9.0,7.94,54381,200180606.0,13.12,4.83,0.39,17.35
东方电缆,603606,2015-04-20,8.31,7.66,8.31,7.64,50244,177337331.0,7.91,-9.56,-0.81,16.03
东方电缆,603606,2015-04-21,7.58,8.08,8.12,7.55,31942,111902274.0,7.44,5.48,0.42,10.19
东方电缆,603606,2015-04-22,8.13,8.23,8.28,7.92,34398,123923129.0,4.46,1.86,0.15,10.97
东方电缆,603606,2015-04-23,8.14,8.18,8.23,8.01,30530,109467646.0,2.67,-0.61,-0.05,9.74
东方电缆,603606,2015-04-24,8.06,8.56,8.64,8.03,48079,178087097.0,7.46,4.65,0.38,15.34
东方电缆,603606,2015-04-27,8.57,8.49,8.7,8.36,34275,127587822.0,3.97,-0.82,-0.07,10.93
东方电缆,603606,2015-04-28,8.47,7.97,8.47,7.76,32236,114737991.0,8.36,-6.12,-0.52,10.28
东方电缆,603606,2015-04-29,7.87,8.15,8.17,7.87,17984,64018830.0,3.76,2.26,0.18,5.74
东方电缆,603606,2015-04-30,8.11,8.11,8.18,8.0,27629,98636110.0,2.21,-0.49,-0.04,8.81
东方电缆,603606,2015-05-04,8.1,8.23,8.33,8.01,20666,74503882.0,3.95,1.48,0.12,6.59
东方电缆,603606,2015-05-05,8.26,7.88,8.26,7.87,20515,72580871.0,4.74,-4.25,-0.35,6.54
东方电缆,603606,2015-05-06,8.24,8.14,8.46,8.07,43279,156901198.0,4.95,3.3,0.26,13.81
东方电缆,603606,2015-05-07,8.14,7.6,8.14,7.52,23446,80632695.0,7.62,-6.63,-0.54,7.48
东方电缆,603606,2015-05-08,7.7,7.96,7.98,7.69,19431,67389588.0,3.82,4.74,0.36,6.2
东方电缆,603606,2015-05-11,8.04,8.69,8.82,8.04,38453,142121650.0,9.8,9.17,0.73,12.27
东方电缆,603606,2015-05-12,8.7,8.7,8.75,8.4,42102,157999718.0,4.03,0.12,0.01,13.43
东方电缆,603606,2015-05-13,8.6,9.07,9.08,8.49,49930,193540743.0,6.78,4.25,0.37,15.93
东方电缆,603606,2015-05-14,9.17,9.15,9.68,8.98,51710,209336520.0,7.72,0.88,0.08,16.49
东方电缆,603606,2015-05-15,8.96,9.1,9.4,8.59,47290,184143167.0,8.85,-0.55,-0.05,15.08
东方电缆,603606,2015-05-18,8.97,10.13,10.13,8.96,73699,305859552.0,12.86,11.32,1.03,23.51
东方电缆,603606,2015-05-19,10.64,10.47,10.64,9.75,64179,281208032.0,8.79,3.36,0.34,20.47
东方电缆,603606,2015-05-20,10.45,10.72,11.37,10.13,49093,228083547.0,11.84,2.39,0.25,15.66
东方电缆,603606,2015-05-21,10.72,11.91,11.91,10.72,50932,245555004.0,11.1,11.1,1.19,16.25
东方电缆,603606,2015-05-22,12.85,12.59,13.1,11.8,66337,352514320.0,10.92,5.71,0.68,21.16
东方电缆,603606,2015-05-25,12.46,13.96,13.96,11.95,55348,309454048.0,15.97,10.88,1.37,17.65
东方电缆,603606,2015-05-26,14.57,15.47,15.47,14.14,44399,276595424.0,9.53,10.82,1.51,14.16
东方电缆,603606,2015-05-27,16.52,17.13,17.13,16.01,53318,367467872.0,7.24,10.73,1.66,17.01
东方电缆,603606,2015-05-28,18.82,18.95,18.95,18.51,74161,260622637.0,2.57,10.62,1.82,10.75
东方电缆,603606,2015-05-29,16.95,18.33,20.25,16.95,263993,887767392.0,17.41,-3.27,-0.62,38.28
东方电缆,603606,2015-06-01,16.55,17.45,18.14,16.55,182360,586847696.0,8.67,-4.8,-0.88,26.44
东方电缆,603606,2015-06-02,17.48,17.23,17.68,16.56,152243,485402960.0,6.42,-1.26,-0.22,22.07
东方电缆,603606,2015-06-03,17.06,19.07,19.07,16.83,173982,589911152.0,13.0,10.68,1.84,25.23
东方电缆,603606,2015-06-04,19.97,21.08,21.08,17.69,281982,1059466608.0,17.78,10.54,2.01,40.88
东方电缆,603606,2015-06-05,20.59,20.18,20.99,19.57,190921,716779344.0,6.74,-4.27,-0.9,27.68
东方电缆,603606,2015-06-08,20.18,18.29,20.18,18.16,125519,438722992.0,10.01,-9.37,-1.89,18.2
东方电缆,603606,2015-06-09,17.97,18.53,19.11,16.83,77448,263066338.0,12.47,1.31,0.24,11.23
东方电缆,603606,2015-06-10,18.14,18.43,18.83,17.69,66076,227525306.0,6.15,-0.54,-0.1,9.58
东方电缆,603606,2015-06-11,18.53,17.92,18.69,17.75,70816,237516711.0,5.1,-2.77,-0.51,10.27
东方电缆,603606,2015-06-12,17.95,17.84,18.4,17.8,61065,204584392.0,3.35,-0.45,-0.08,8.85
东方电缆,603606,2015-06-15,17.84,16.77,17.9,16.73,78609,250533238.0,6.56,-6.0,-1.07,11.4
东方电缆,603606,2015-06-16,16.55,15.07,16.55,14.98,76814,224348031.0,9.36,-10.14,-1.7,11.14
东方电缆,603606,2015-06-17,15.01,15.89,15.89,14.84,56387,163487889.0,6.97,5.44,0.82,8.18
东方电缆,603606,2015-06-18,15.93,14.72,15.97,14.67,47965,138554042.0,8.18,-7.36,-1.17,6.95
东方电缆,603606,2015-06-19,14.44,13.14,14.44,13.14,44275,112690318.0,8.83,-10.73,-1.58,6.42
东方电缆,603606,2015-06-23,12.6,12.85,13.13,11.71,65085,154164883.0,10.81,-2.21,-0.29,9.44
东方电缆,603606,2015-06-24,13.14,13.42,13.63,12.95,65980,167438913.0,5.29,4.44,0.57,9.57
东方电缆,603606,2015-06-25,13.42,12.18,13.47,12.0,49044,119668425.0,10.95,-9.24,-1.24,7.11
东方电缆,603606,2015-06-26,11.88,10.85,11.88,10.85,38178,82104380.0,8.46,-10.92,-1.33,5.54
东方电缆,603606,2015-06-29,11.15,9.65,11.36,9.65,55103,107968879.0,15.76,-11.06,-1.2,7.99
东方电缆,603606,2015-06-30,9.14,10.49,10.5,8.58,76914,143935040.0,19.9,8.7,0.84,11.15
东方电缆,603606,2015-07-01,10.51,9.4,10.78,9.37,63306,127638255.0,13.44,-10.39,-1.09,9.18
东方电缆,603606,2015-07-02,9.14,8.46,9.65,8.36,53591,94687072.0,13.72,-10.0,-0.94,7.77
东方电缆,603606,2015-07-03,8.03,8.62,9.24,7.55,68607,114264377.0,19.98,1.89,0.16,9.95
东方电缆,603606,2015-07-06,9.6,9.26,9.6,8.14,81295,145083096.0,16.94,7.42,0.64,11.79
东方电缆,603606,2015-07-07,9.14,8.22,9.26,8.22,50189,85378431.0,11.23,-11.23,-1.04,7.28
东方电缆,603606,2015-07-08,7.29,7.29,7.29,7.29,6327,9332325.0,0.0,-11.31,-0.93,0.92
东方电缆,603606,2015-07-09,6.45,8.13,8.13,6.45,80789,123697632.0,23.05,11.52,0.84,11.71
东方电缆,603606,2015-07-10,8.54,9.06,9.06,8.17,55638,97679421.0,10.95,11.44,0.93,8.07
东方电缆,603606,2015-07-13,9.71,10.08,10.08,9.41,84916,162804130.0,7.4,11.26,1.02,12.31
东方电缆,603606,2015-07-14,10.28,10.37,11.16,9.71,131848,267445186.0,14.38,2.88,0.29,19.12
东方电缆,603606,2015-07-15,9.72,9.22,10.2,9.22,54678,102226062.0,9.45,-11.09,-1.15,7.93
东方电缆,603606,2015-07-16,8.19,9.08,9.71,8.19,67055,119775763.0,16.49,-1.52,-0.14,9.72
东方电缆,603606,2015-07-17,8.95,9.89,10.02,8.95,62293,116783376.0,11.78,8.92,0.81,9.03
东方电缆,603606,2015-07-20,9.86,9.87,10.27,9.65,75644,146067300.0,6.27,-0.2,-0.02,10.97
东方电缆,603606,2015-07-21,9.71,10.04,10.2,9.6,61027,117809016.0,6.08,1.72,0.17,8.85
东方电缆,603606,2015-07-22,10.11,11.16,11.16,9.97,116843,239234479.0,11.85,11.16,1.12,16.94
东方电缆,603606,2015-07-23,11.42,11.79,11.93,10.99,128271,284185440.0,8.42,5.65,0.63,18.6
东方电缆,603606,2015-07-24,11.65,11.02,12.03,10.85,116278,259714110.0,10.01,-6.53,-0.77,16.86
东方电缆,603606,2015-07-27,10.34,9.81,10.85,9.81,68925,139659446.0,9.44,-10.98,-1.21,9.99
东方电缆,603606,2015-07-28,8.73,9.14,10.39,8.71,75747,136433400.0,17.13,-6.83,-0.67,10.98
东方电缆,603606,2015-07-29,9.35,10.07,10.11,8.96,53886,100711936.0,12.58,10.18,0.93,7.81
东方电缆,603606,2015-07-30,10.09,9.77,10.66,9.59,70478,140284374.0,10.63,-2.98,-0.3,10.22
东方电缆,603606,2015-07-31,9.43,9.28,9.8,9.14,45244,83972674.0,6.76,-5.02,-0.49,6.56
东方电缆,603606,2015-08-03,9.22,8.48,9.28,8.4,37250,65023896.0,9.48,-8.62,-0.8,5.4
东方电缆,603606,2015-08-04,8.75,9.4,9.42,8.64,41361,73576327.0,9.2,10.85,0.92,6.0
东方电缆,603606,2015-08-05,9.43,9.45,9.72,9.17,49978,93130266.0,5.85,0.53,0.05,7.25
东方电缆,603606,2015-08-06,9.07,9.34,9.57,8.86,29775,54579357.0,7.51,-1.16,-0.11,4.32
东方电缆,603606,2015-08-07,9.35,9.84,9.88,9.35,49354,93680355.0,5.67,5.35,0.5,7.16
东方电缆,603606,2015-08-10,9.97,10.4,10.55,9.86,60458,119850034.0,7.01,5.69,0.56,8.77
东方电缆,603606,2015-08-11,10.49,10.42,10.68,10.12,70682,142348104.0,5.38,0.19,0.02,10.25
东方电缆,603606,2015-08-12,10.25,9.97,10.42,9.94,42151,83709338.0,4.61,-4.32,-0.45,6.11
东方电缆,603606,2015-08-13,9.97,10.5,10.51,9.93,46206,92193706.0,5.82,5.32,0.53,6.7
东方电缆,603606,2015-08-14,10.68,10.28,10.74,10.21,52438,106246009.0,5.05,-2.1,-0.22,7.6
东方电缆,603606,2015-08-17,10.24,10.47,10.59,10.11,48706,98765808.0,4.67,1.85,0.19,7.06
东方电缆,603606,2015-08-18,10.47,9.31,10.5,9.31,60414,117658526.0,11.37,-11.08,-1.16,8.76
东方电缆,603606,2015-08-19,8.6,9.42,9.6,8.54,42443,75270066.0,11.39,1.18,0.11,6.15
东方电缆,603606,2015-08-20,9.42,8.92,9.43,8.8,30164,54458284.0,6.69,-5.31,-0.5,4.37
东方电缆,603606,2015-08-21,8.8,8.42,8.96,8.29,30013,51270232.0,7.51,-5.61,-0.5,4.35
东方电缆,603606,2015-08-24,8.15,7.47,8.15,7.47,25613,38989208.0,8.08,-11.28,-0.95,3.71
东方电缆,603606,2015-08-25,6.61,6.61,6.86,6.61,22534,30805549.0,3.35,-11.51,-0.86,3.27
东方电缆,603606,2015-08-26,6.74,6.28,6.97,5.92,33474,45403288.0,15.89,-4.99,-0.33,4.85
东方电缆,603606,2015-08-27,6.38,6.55,6.79,6.01,27525,36461818.0,12.42,4.3,0.27,3.99
东方电缆,603606,2015-08-28,6.65,7.14,7.15,6.59,39877,55591271.0,8.55,9.01,0.59,5.78
东方电缆,603606,2015-08-31,7.03,6.7,7.03,6.69,25809,35922903.0,4.76,-6.16,-0.44,3.74
东方电缆,603606,2015-09-01,6.66,5.93,6.68,5.92,25577,32775915.0,11.34,-11.49,-0.77,3.71
东方电缆,603606,2015-09-02,5.67,5.4,6.14,5.3,22825,27307631.0,14.17,-8.94,-0.53,3.31
东方电缆,603606,2015-09-07,5.41,5.66,5.84,5.41,18593,22304963.0,7.96,4.81,0.26,2.7
东方电缆,603606,2015-09-08,5.68,6.29,6.34,5.64,24203,29882545.0,12.37,11.13,0.63,3.51
东方电缆,603606,2015-09-09,6.47,6.68,6.72,6.33,36810,49426499.0,6.2,6.2,0.39,5.34
东方电缆,603606,2015-09-10,6.69,6.41,6.69,6.37,26036,34832311.0,4.79,-4.04,-0.27,3.78
东方电缆,603606,2015-09-11,6.41,6.44,6.53,6.34,15389,20389517.0,2.96,0.47,0.03,2.23
东方电缆,603606,2015-09-14,6.42,5.68,6.55,5.68,26092,32910785.0,13.51,-11.8,-0.76,3.78
东方电缆,603606,2015-09-15,5.38,5.03,5.61,5.02,21050,23667228.0,10.39,-11.44,-0.65,3.05
东方电缆,603606,2015-09-16,5.12,5.65,5.65,5.12,20405,23230223.0,10.54,12.33,0.62,2.96
东方电缆,603606,2015-09-17,5.64,5.68,6.06,5.57,36547,44734536.0,8.67,0.53,0.03,5.3
东方电缆,603606,2015-09-18,5.8,5.77,5.81,5.57,23973,28700553.0,4.23,1.58,0.09,3.48
东方电缆,603606,2015-09-21,5.72,6.06,6.07,5.63,30132,37184838.0,7.63,5.03,0.29,4.37
东方电缆,603606,2015-09-22,6.09,6.11,6.17,5.94,30481,38488159.0,3.8,0.83,0.05,4.42
东方电缆,603606,2015-09-23,6.01,6.04,6.16,5.94,21912,27475850.0,3.6,-1.15,-0.07,3.18
东方电缆,603606,2015-09-24,6.11,6.75,6.75,6.06,36637,49720745.0,11.42,11.75,0.71,5.31
东方电缆,603606,2015-09-25,7.28,7.54,7.54,6.86,145363,218767801.0,10.07,11.7,0.79,21.08
东方电缆,603606,2015-09-28,7.43,7.93,8.0,6.79,132039,197587777.0,16.05,5.17,0.39,19.14
东方电缆,603606,2015-09-29,7.53,8.84,8.84,7.52,154278,256241184.0,16.65,11.48,0.91,22.37
东方电缆,603606,2015-09-30,9.13,8.74,9.65,8.34,146569,257562876.0,14.82,-1.13,-0.1,21.25
东方电缆,603606,2015-10-08,8.71,9.17,9.3,8.46,124901,221798104.0,9.61,4.92,0.43,18.11
东方电缆,603606,2015-10-09,8.94,8.83,9.14,8.67,93034,162990213.0,5.13,-3.71,-0.34,13.49
东方电缆,603606,2015-10-12,8.62,9.28,9.31,8.57,126131,224854423.0,8.38,5.1,0.45,18.29
东方电缆,603606,2015-10-13,9.31,9.15,9.31,8.9,86925,155367057.0,4.42,-1.4,-0.13,12.6
东方电缆,603606,2015-10-14,9.16,9.27,9.68,8.86,106806,192826443.0,8.96,1.31,0.12,15.49
东方电缆,603606,2015-10-15,9.07,9.64,9.71,8.89,146076,270222720.0,8.85,3.99,0.37,10.49
东方电缆,603606,2015-10-16,9.58,9.98,10.1,9.15,144845,271045072.0,9.85,3.53,0.34,10.4
东方电缆,603606,2015-10-19,9.98,8.91,9.98,8.88,215896,399271200.0,11.02,-10.72,-1.07,15.51
东方电缆,603606,2015-10-20,8.8,9.04,9.14,8.47,149807,259374401.0,7.52,1.46,0.13,10.76
东方电缆,603606,2015-10-21,8.91,8.05,8.91,8.04,118323,199481942.0,9.62,-10.95,-0.99,8.5
东方电缆,603606,2015-10-22,7.94,8.25,8.29,7.85,87941,142798991.0,5.47,2.48,0.2,6.32
东方电缆,603606,2015-10-23,8.29,8.55,8.59,8.24,92186,154236288.0,4.24,3.64,0.3,6.62
东方电缆,603606,2015-10-26,8.59,8.67,8.86,8.46,92525,158760815.0,4.68,1.4,0.12,6.65
东方电缆,603606,2015-10-27,8.57,8.42,8.57,7.99,74818,123199344.0,6.69,-2.88,-0.25,5.37
东方电缆,603606,2015-10-28,8.38,8.06,8.47,8.0,72549,118684697.0,5.58,-4.28,-0.36,5.21
东方电缆,603606,2015-10-29,8.09,8.26,8.38,8.06,59240,97564459.0,3.97,2.48,0.2,4.25
东方电缆,603606,2015-10-30,8.28,8.2,8.43,8.04,52731,86567825.0,4.72,-0.73,-0.06,3.79
东方电缆,603606,2015-11-02,7.94,8.26,8.4,7.87,58215,95337030.0,6.46,0.73,0.06,4.18
东方电缆,603606,2015-11-03,8.17,7.98,8.33,7.84,55563,89187531.0,5.93,-3.39,-0.28,3.99
东方电缆,603606,2015-11-04,8.02,8.49,8.55,8.02,87638,144946894.0,6.64,6.39,0.51,6.29
东方电缆,603606,2015-11-05,8.56,8.62,8.68,8.35,101562,172141213.0,3.89,1.53,0.13,7.29
东方电缆,603606,2015-11-06,8.71,9.59,9.59,8.71,91124,168433059.0,10.21,11.25,0.97,6.54
东方电缆,603606,2015-11-09,10.51,10.17,10.55,9.72,305222,604567264.0,8.65,6.05,0.58,21.92
东方电缆,603606,2015-11-10,10.0,10.33,11.05,9.94,225266,458490784.0,10.91,1.57,0.16,16.18
东方电缆,603606,2015-11-11,10.0,10.53,10.59,9.97,173424,345348800.0,6.0,1.94,0.2,12.46
东方电缆,603606,2015-11-12,10.54,11.17,11.24,10.4,218223,458873392.0,7.98,6.08,0.64,15.67
东方电缆,603606,2015-11-13,11.42,10.3,11.42,10.14,175160,364287888.0,11.46,-7.79,-0.87,12.58
东方电缆,603606,2015-11-16,9.83,10.3,10.31,9.73,81033,158798548.0,5.63,0.0,0.0,5.82
东方电缆,603606,2015-11-17,10.47,9.97,10.51,9.89,89657,178467249.0,6.02,-3.2,-0.33,6.44
东方电缆,603606,2015-11-18,9.94,9.54,10.18,9.43,59882,115432548.0,7.52,-4.31,-0.43,4.3
东方电缆,603606,2015-11-19,9.54,10.61,10.61,9.54,141878,283622240.0,11.22,11.22,1.07,10.19
东方电缆,603606,2015-11-20,10.4,11.04,11.39,10.4,214033,451226320.0,9.33,4.05,0.43,15.37
东方电缆,603606,2015-11-23,10.94,11.12,11.42,10.57,177100,375631952.0,7.7,0.72,0.08,12.72
东方电缆,603606,2015-11-24,11.02,11.18,11.3,10.65,98016,207535672.0,5.85,0.54,0.06,7.04
东方电缆,603606,2015-11-25,11.06,11.07,11.26,10.99,95067,203396349.0,2.42,-0.98,-0.11,6.83
东方电缆,603606,2015-11-26,11.17,10.61,11.17,10.61,85228,178496805.0,5.06,-4.16,-0.46,6.12
东方电缆,603606,2015-11-27,10.54,9.45,10.79,9.44,94506,186715377.0,12.72,-10.93,-1.16,6.79
东方电缆,603606,2015-11-30,9.44,9.39,9.63,8.58,70078,126728900.0,11.11,-0.63,-0.06,5.03
东方电缆,603606,2015-12-01,9.37,9.43,9.6,9.14,54025,99359515.0,4.9,0.43,0.04,3.88
东方电缆,603606,2015-12-02,9.48,9.19,9.48,8.59,41397,74183699.0,9.44,-2.55,-0.24,2.97
东方电缆,603606,2015-12-03,9.2,9.59,9.6,9.2,45695,84773506.0,4.35,4.35,0.4,3.28
东方电缆,603606,2015-12-04,9.6,9.59,9.82,9.38,50712,95241070.0,4.59,0.0,0.0,3.64
东方电缆,603606,2015-12-07,9.72,9.68,9.72,9.49,35583,67106950.0,2.4,0.94,0.09,2.56
东方电缆,603606,2015-12-08,9.68,9.19,9.69,9.15,41509,76436664.0,5.58,-5.06,-0.49,2.98
东方电缆,603606,2015-12-09,9.08,8.94,9.23,8.83,32666,58070209.0,4.35,-2.72,-0.25,2.35
东方电缆,603606,2015-12-10,9.0,9.08,9.14,8.97,30756,54901157.0,1.9,1.57,0.14,2.21
东方电缆,603606,2015-12-11,9.08,8.96,9.08,8.82,27427,48365481.0,2.86,-1.32,-0.12,1.97
东方电缆,603606,2015-12-14,8.96,9.56,9.89,8.81,36393,65825037.0,12.05,6.7,0.6,2.61
东方电缆,603606,2015-12-15,9.53,9.61,9.68,9.43,36710,68938028.0,2.62,0.52,0.05,2.64
东方电缆,603606,2015-12-16,9.64,9.6,9.87,9.48,42506,80762292.0,4.06,-0.1,-0.01,3.05
东方电缆,603606,2015-12-17,9.7,9.88,10.0,9.66,60143,115641669.0,3.54,2.92,0.28,4.32
东方电缆,603606,2015-12-18,9.9,9.56,9.91,9.44,53100,100349605.0,4.76,-3.24,-0.32,3.81
东方电缆,603606,2015-12-21,9.46,9.64,9.69,9.4,42983,80448606.0,3.03,0.84,0.08,3.09
东方电缆,603606,2015-12-22,9.59,9.8,9.8,9.56,46102,87413193.0,2.49,1.66,0.16,3.31
东方电缆,603606,2015-12-23,9.81,9.58,9.87,9.56,51329,97839648.0,3.16,-2.24,-0.22,3.69
东方电缆,603606,2015-12-24,9.43,9.22,9.56,9.08,51791,94121015.0,5.01,-3.76,-0.36,3.72
东方电缆,603606,2015-12-25,9.22,9.22,9.39,9.14,37680,68436533.0,2.71,0.0,0.0,2.71
东方电缆,603606,2015-12-28,9.36,8.91,9.36,8.89,64127,114837578.0,5.1,-3.36,-0.31,4.61
东方电缆,603606,2015-12-29,8.91,8.98,9.02,8.8,44198,77837578.0,2.47,0.79,0.07,3.17
东方电缆,603606,2015-12-30,8.98,9.13,9.14,8.91,44454,78797685.0,2.56,1.67,0.15,3.19
东方电缆,603606,2015-12-31,9.1,8.92,9.17,8.91,32568,57805342.0,2.85,-2.3,-0.21,2.34
东方电缆,603606,2016-01-04,8.92,7.92,8.95,7.92,38475,64212645.0,11.55,-11.21,-1.0,2.76
东方电缆,603606,2016-01-05,7.43,7.43,7.92,7.18,56496,85286018.0,9.34,-6.19,-0.49,4.06
东方电缆,603606,2016-01-06,7.45,7.67,7.67,7.45,37482,57124908.0,2.96,3.23,0.24,2.69
东方电缆,603606,2016-01-07,7.47,6.81,7.58,6.79,10969,15924905.0,10.3,-11.21,-0.86,0.79
东方电缆,603606,2016-01-08,6.92,6.82,7.24,6.18,50047,69663714.0,15.57,0.15,0.01,3.59
东方电缆,603606,2016-01-11,6.69,6.04,6.69,6.03,44448,58627842.0,9.68,-11.44,-0.78,3.19
东方电缆,603606,2016-01-12,6.06,6.3,6.34,5.95,40911,52345941.0,6.46,4.3,0.26,2.94
东方电缆,603606,2016-01-13,6.41,6.08,6.45,6.01,25986,33804111.0,6.98,-3.49,-0.22,1.87
东方电缆,603606,2016-01-14,5.95,6.36,6.41,5.73,33450,42408426.0,11.18,4.61,0.28,2.4
东方电缆,603606,2016-01-15,6.42,6.05,6.42,5.98,30334,38847238.0,6.92,-4.87,-0.31,2.18
东方电缆,603606,2016-01-18,5.89,6.22,6.33,5.87,26224,33503187.0,7.6,2.81,0.17,1.88
东方电缆,603606,2016-01-19,6.19,6.47,6.51,6.18,31369,41131955.0,5.31,4.02,0.25,2.25
东方电缆,603606,2016-01-20,6.51,6.41,6.51,6.27,34434,45382657.0,3.71,-0.93,-0.06,2.47
东方电缆,603606,2016-01-21,6.26,6.06,6.48,6.04,31949,41489711.0,6.86,-5.46,-0.35,2.29
东方电缆,603606,2016-01-22,6.13,6.22,6.24,5.98,22169,28157517.0,4.29,2.64,0.16,1.59
东方电缆,603606,2016-01-25,6.29,6.33,6.39,6.24,20021,26095925.0,2.41,1.77,0.11,1.44
东方电缆,603606,2016-01-26,6.29,5.58,6.29,5.58,27962,34499810.0,11.22,-11.85,-0.75,2.01
东方电缆,603606,2016-01-27,5.61,5.46,5.75,5.1,21941,24872759.0,11.65,-2.15,-0.12,1.58
东方电缆,603606,2016-01-28,5.32,5.16,5.48,5.14,16562,18618355.0,6.23,-5.49,-0.3,1.19
东方电缆,603606,2016-01-29,5.11,5.41,5.48,5.11,18053,20445770.0,7.17,4.84,0.25,1.3
东方电缆,603606,2016-02-01,5.47,5.49,5.55,5.33,15835,18163986.0,4.07,1.48,0.08,1.14
东方电缆,603606,2016-02-02,5.48,5.71,5.77,5.44,21924,26024667.0,6.01,4.01,0.22,1.57
东方电缆,603606,2016-02-03,5.61,5.71,5.71,5.53,15975,18869954.0,3.15,0.0,0.0,1.15
东方电缆,603606,2016-02-04,5.73,5.86,5.91,5.73,26724,32612886.0,3.15,2.63,0.15,1.92
东方电缆,603606,2016-02-05,5.94,5.78,5.98,5.77,18625,22757444.0,3.58,-1.37,-0.08,1.34
东方电缆,603606,2016-02-15,5.5,5.68,5.75,5.47,13535,15966587.0,4.84,-1.73,-0.1,0.97
东方电缆,603606,2016-02-16,5.69,6.12,6.27,5.69,29211,36563109.0,10.21,7.75,0.44,2.1
东方电缆,603606,2016-02-17,6.05,6.16,6.2,6.03,28164,35738990.0,2.78,0.65,0.04,2.02
东方电缆,603606,2016-02-18,6.46,6.14,6.46,6.06,34627,44702967.0,6.49,-0.32,-0.02,2.49
东方电缆,603606,2016-02-19,6.1,6.45,6.66,6.06,53994,71746773.0,9.77,5.05,0.31,3.88
东方电缆,603606,2016-02-22,6.58,6.57,6.58,6.42,43301,57916354.0,2.48,1.86,0.12,3.11
东方电缆,603606,2016-02-23,6.58,6.63,6.86,6.47,48583,66164140.0,5.94,0.91,0.06,3.49
东方电缆,603606,2016-02-24,6.51,6.53,6.62,6.34,34283,45709584.0,4.22,-1.51,-0.1,2.46
东方电缆,603606,2016-02-25,6.53,5.77,6.53,5.77,37993,47997680.0,11.64,-11.64,-0.76,2.73
东方电缆,603606,2016-02-26,5.81,5.68,5.98,5.49,28057,33690975.0,8.49,-1.56,-0.09,2.02
东方电缆,603606,2016-02-29,5.65,5.2,5.7,5.15,26447,29701291.0,9.68,-8.45,-0.48,1.9
东方电缆,603606,2016-03-01,5.32,5.39,5.48,5.19,21250,23903239.0,5.58,3.65,0.19,1.53
东方电缆,603606,2016-03-02,5.3,5.71,5.79,5.3,31983,37479914.0,9.09,5.94,0.32,2.3
东方电缆,603606,2016-03-03,5.72,5.83,5.84,5.63,33816,40761193.0,3.68,2.1,0.12,2.43
东方电缆,603606,2016-03-04,5.73,5.53,5.95,5.37,30785,36279845.0,9.95,-5.15,-0.3,2.21
东方电缆,603606,2016-03-07,5.54,5.68,5.79,5.54,20904,24901275.0,4.52,2.71,0.15,1.5
东方电缆,603606,2016-03-08,5.69,5.69,5.72,5.34,26630,30961504.0,6.69,0.18,0.01,1.91
东方电缆,603606,2016-03-09,5.6,5.55,5.6,5.46,16078,18776884.0,2.46,-2.46,-0.14,1.15
东方电缆,603606,2016-03-10,5.58,5.4,5.6,5.39,14691,17009637.0,3.78,-2.7,-0.15,1.06
东方电缆,603606,2016-03-11,5.32,5.44,5.44,5.3,14851,16936122.0,2.59,0.74,0.04,1.07
东方电缆,603606,2016-03-14,5.58,5.66,5.72,5.49,23479,27885216.0,4.23,4.04,0.22,1.69
东方电缆,603606,2016-03-15,5.64,5.59,5.69,5.56,17123,20195531.0,2.3,-1.24,-0.07,1.23
东方电缆,603606,2016-03-16,5.6,5.53,5.71,5.47,19048,22344536.0,4.29,-1.07,-0.06,1.37
东方电缆,603606,2016-03-17,5.55,5.75,5.77,5.53,41139,49116977.0,4.34,3.98,0.22,2.95
东方电缆,603606,2016-03-18,5.76,5.99,6.06,5.76,53409,66058529.0,5.22,4.17,0.24,3.84
东方电缆,603606,2016-03-21,6.53,6.7,6.7,6.53,28305,38725991.0,2.84,11.85,0.71,2.03
东方电缆,603606,2016-03-22,7.08,6.81,7.08,6.72,126770,177660539.0,5.37,1.64,0.11,9.1
东方电缆,603606,2016-03-23,6.71,7.6,7.6,6.54,158200,228017655.0,15.57,11.6,0.79,11.36
东方电缆,603606,2016-03-24,7.38,7.15,7.6,7.12,131240,195429170.0,6.32,-5.92,-0.45,9.43
东方电缆,603606,2016-03-25,7.03,7.0,7.23,6.86,67200,95613280.0,5.17,-2.1,-0.15,4.83
东方电缆,603606,2016-03-28,7.0,6.81,7.14,6.75,64450,91032770.0,5.57,-2.71,-0.19,4.63
东方电缆,603606,2016-03-29,6.86,6.96,7.0,6.69,59481,83403595.0,4.55,2.2,0.15,4.27
东方电缆,603606,2016-03-30,6.96,7.19,7.19,6.89,73775,105548825.0,4.31,3.3,0.23,5.3
东方电缆,603606,2016-03-31,7.22,7.03,7.22,7.0,56939,81851417.0,3.06,-2.23,-0.16,4.09
东方电缆,603606,2016-04-01,7.0,6.83,7.0,6.73,40968,57040381.0,3.84,-2.84,-0.2,2.94
东方电缆,603606,2016-04-05,6.79,7.03,7.07,6.78,44286,62949956.0,4.25,2.93,0.2,3.18
东方电缆,603606,2016-04-06,6.99,6.99,7.13,6.89,40157,57290111.0,3.41,-0.57,-0.04,2.88
东方电缆,603606,2016-04-07,6.98,7.03,7.2,6.98,59221,85236949.0,3.15,0.57,0.04,4.25
东方电缆,603606,2016-04-08,6.86,6.79,6.91,6.69,36222,50204283.0,3.13,-3.41,-0.24,2.6
东方电缆,603606,2016-04-11,6.82,6.96,6.98,6.82,40909,57644806.0,2.36,2.5,0.17,2.94
东方电缆,603606,2016-04-12,6.95,6.92,6.96,6.75,35253,49336841.0,3.02,-0.57,-0.04,2.53
东方电缆,603606,2016-04-13,6.93,6.98,7.14,6.93,51189,73341665.0,3.03,0.87,0.06,3.68
东方电缆,603606,2016-04-14,7.04,7.11,7.16,6.98,36353,52107129.0,2.58,1.86,0.13,2.61
东方电缆,603606,2016-04-15,7.13,7.32,7.35,7.09,70291,102604567.0,3.66,2.95,0.21,5.05
东方电缆,603606,2016-04-18,7.18,6.93,7.19,6.92,50275,71940084.0,3.69,-5.33,-0.39,3.61
东方电缆,603606,2016-04-19,6.97,6.96,7.03,6.84,27104,38221896.0,2.74,0.43,0.03,1.95
东方电缆,603606,2016-04-20,6.97,6.4,6.98,6.25,51568,69466788.0,10.49,-8.05,-0.56,3.7
东方电缆,603606,2016-04-21,6.41,6.32,6.46,6.29,28992,38102078.0,2.66,-1.25,-0.08,2.08
东方电缆,603606,2016-04-22,6.29,6.4,6.44,6.21,19075,24913151.0,3.64,1.27,0.08,1.37
东方电缆,603606,2016-04-25,6.34,6.25,6.35,6.04,23239,29935121.0,4.84,-2.34,-0.15,1.67
东方电缆,603606,2016-04-26,6.25,6.41,6.41,6.2,20475,26712609.0,3.36,2.56,0.16,1.47
东方电缆,603606,2016-04-27,6.53,6.36,6.55,6.35,23231,30836321.0,3.12,-0.78,-0.05,1.67
东方电缆,603606,2016-04-28,6.41,6.46,6.49,6.14,29904,39092273.0,5.5,1.57,0.1,2.15
东方电缆,603606,2016-04-29,6.38,6.44,6.53,6.38,16991,22595598.0,2.32,-0.31,-0.02,1.22
东方电缆,603606,2016-05-03,6.46,6.63,6.66,6.44,30107,40702346.0,3.42,2.95,0.19,2.16
东方电缆,603606,2016-05-04,6.74,6.89,7.12,6.63,52516,74233980.0,7.39,3.92,0.26,3.77
东方电缆,603606,2016-05-05,6.89,6.86,6.96,6.73,27873,38746756.0,3.34,-0.44,-0.03,2.0
东方电缆,603606,2016-05-06,6.81,6.4,6.93,6.4,34884,47504739.0,7.73,-6.71,-0.46,2.51
东方电缆,603606,2016-05-09,6.35,6.1,6.35,6.06,27525,35034912.0,4.53,-4.69,-0.3,1.98
东方电缆,603606,2016-05-10,6.1,6.13,6.17,6.07,13401,17034817.0,1.64,0.49,0.03,0.96
东方电缆,603606,2016-05-11,6.17,6.02,6.23,5.98,19800,24943702.0,4.08,-1.79,-0.11,1.42
东方电缆,603606,2016-05-12,5.87,5.99,6.05,5.72,15623,19254389.0,5.48,-0.5,-0.03,1.12
东方电缆,603606,2016-05-13,5.96,5.94,6.05,5.84,17236,21339375.0,3.51,-0.83,-0.05,1.24
东方电缆,603606,2016-05-16,5.86,6.03,6.04,5.8,16931,20969735.0,4.04,1.52,0.09,1.22
东方电缆,603606,2016-05-17,6.06,5.98,6.06,5.93,17102,21308052.0,2.16,-0.83,-0.05,1.23
东方电缆,603606,2016-05-18,5.99,5.74,5.99,5.65,21546,25981450.0,5.69,-4.01,-0.24,1.55
东方电缆,603606,2016-05-19,5.94,5.97,6.35,5.77,35299,44445904.0,10.1,4.01,0.23,2.54
东方电缆,603606,2016-05-20,5.74,5.95,5.96,5.73,22738,27777018.0,3.85,-0.34,-0.02,1.63
东方电缆,603606,2016-05-23,5.92,6.04,6.05,5.88,21823,27220608.0,2.86,1.51,0.09,1.57
东方电缆,603606,2016-05-24,6.03,5.85,6.03,5.78,16243,19959796.0,4.14,-3.15,-0.19,1.17
东方电缆,603606,2016-05-25,5.91,5.88,5.97,5.81,15080,18533743.0,2.74,0.51,0.03,1.08
东方电缆,603606,2016-05-26,5.87,5.89,5.9,5.68,19798,23973489.0,3.74,0.17,0.01,1.42
东方电缆,603606,2016-05-27,5.84,5.99,6.05,5.81,25271,31317687.0,4.07,1.7,0.1,1.81
东方电缆,603606,2016-05-30,5.96,5.91,5.97,5.81,17343,21338228.0,2.67,-1.34,-0.08,1.25
东方电缆,603606,2016-05-31,5.89,6.2,6.22,5.89,35929,45503346.0,5.58,4.91,0.29,2.58
东方电缆,603606,2016-06-01,6.23,6.2,6.29,6.12,30574,39315256.0,2.74,0.0,0.0,2.2
东方电缆,603606,2016-06-02,6.17,6.27,6.27,6.16,27344,35145086.0,1.77,1.13,0.07,1.96
东方电缆,603606,2016-06-03,6.27,6.31,6.44,6.24,34569,45054458.0,3.19,0.64,0.04,2.48
东方电缆,603606,2016-06-06,6.34,6.25,6.38,6.2,22171,28711316.0,2.85,-0.95,-0.06,1.59
东方电缆,603606,2016-06-07,6.23,6.39,6.41,6.22,23402,30374331.0,3.04,2.24,0.14,1.68
东方电缆,603606,2016-06-08,6.39,6.31,6.43,6.23,25638,33357943.0,3.13,-1.25,-0.08,1.84
东方电缆,603606,2016-06-13,6.18,5.85,6.2,5.82,25965,32576393.0,6.02,-7.29,-0.46,1.86
东方电缆,603606,2016-06-14,6.12,5.96,6.2,5.85,18788,23207113.0,5.98,1.88,0.11,1.35
东方电缆,603606,2016-06-15,5.9,6.19,6.2,5.83,29364,37111677.0,6.21,3.86,0.23,2.11
东方电缆,603606,2016-06-16,6.16,6.17,6.26,6.11,24365,31213509.0,2.42,-0.32,-0.02,1.75
东方电缆,603606,2016-06-17,6.11,6.22,6.34,6.11,23203,29905573.0,3.73,0.81,0.05,1.67
东方电缆,603606,2016-06-20,6.21,6.49,6.53,6.14,54271,71348961.0,6.27,4.34,0.27,3.9
东方电缆,603606,2016-06-21,6.5,6.79,6.82,6.4,86752,116673209.0,6.47,4.62,0.3,6.23
东方电缆,603606,2016-07-05,7.52,6.99,7.52,6.88,124498,178878062.0,9.43,2.95,0.2,8.94
东方电缆,603606,2016-07-06,6.82,6.86,6.98,6.76,61122,85273658.0,3.15,-1.86,-0.13,4.39
东方电缆,603606,2016-07-07,6.78,6.69,6.86,6.52,55162,75369459.0,4.96,-2.48,-0.17,3.96
东方电缆,603606,2016-07-08,6.64,6.81,6.86,6.59,39716,54665444.0,4.04,1.79,0.12,2.85
东方电缆,603606,2016-07-11,6.75,6.69,6.87,6.67,30513,42207392.0,2.94,-1.76,-0.12,2.19
东方电缆,603606,2016-07-12,6.68,6.77,6.81,6.49,33649,45900386.0,4.78,1.2,0.08,2.42
东方电缆,603606,2016-07-13,6.76,6.84,6.87,6.73,34641,47946961.0,2.07,1.03,0.07,2.49
东方电缆,603606,2016-07-14,6.84,6.81,6.87,6.77,21669,30122350.0,1.46,-0.44,-0.03,1.56
东方电缆,603606,2016-07-15,6.81,7.16,7.26,6.72,91938,131386230.0,7.93,5.14,0.35,6.6
东方电缆,603606,2016-07-18,7.02,7.18,7.22,6.96,64212,92362208.0,3.63,0.28,0.02,4.61
东方电缆,603606,2016-07-19,7.14,7.14,7.18,7.0,30218,43413028.0,2.51,-0.56,-0.04,2.17
东方电缆,603606,2016-07-20,7.17,7.26,7.44,7.04,109972,161445778.0,5.6,1.68,0.12,7.9
东方电缆,603606,2016-07-21,7.12,7.37,7.79,6.99,115780,171587495.0,11.02,1.52,0.11,8.32
东方电缆,603606,2016-07-22,7.33,7.1,7.37,7.06,54903,79751074.0,4.21,-3.66,-0.27,3.94
东方电缆,603606,2016-07-25,7.05,6.99,7.1,6.93,43561,61862169.0,2.39,-1.55,-0.11,3.13
东方电缆,603606,2016-07-26,7.0,7.08,7.08,6.94,26323,37604226.0,2.0,1.29,0.09,1.89
东方电缆,603606,2016-07-27,7.1,6.59,7.13,6.48,53718,74266769.0,9.18,-6.92,-0.49,3.86
东方电缆,603606,2016-07-28,6.56,6.6,6.65,6.4,25078,33660589.0,3.79,0.15,0.01,1.8
东方电缆,603606,2016-07-29,6.6,6.53,6.63,6.44,15658,20978624.0,2.88,-1.06,-0.07,1.12
东方电缆,603606,2016-08-01,6.57,6.64,6.7,6.35,32485,43501100.0,5.36,1.68,0.11,2.33
东方电缆,603606,2016-08-02,6.59,6.67,6.72,6.56,15680,21286859.0,2.41,0.45,0.03,1.13
东方电缆,603606,2016-08-03,6.63,6.58,6.68,6.54,14263,19289348.0,2.1,-1.35,-0.09,1.02
东方电缆,603606,2016-08-04,6.58,6.63,6.68,6.53,18001,24416296.0,2.28,0.76,0.05,1.29
东方电缆,603606,2016-08-05,6.64,6.55,6.71,6.54,14096,19068892.0,2.56,-1.21,-0.08,1.01
东方电缆,603606,2016-08-08,6.56,6.59,6.61,6.44,23635,31608971.0,2.6,0.61,0.04,1.7
东方电缆,603606,2016-08-09,6.59,6.67,6.71,6.58,21062,28665441.0,1.97,1.21,0.08,1.51
东方电缆,603606,2016-08-10,6.67,6.64,6.7,6.62,16971,23089925.0,1.2,-0.45,-0.03,1.22
东方电缆,603606,2016-08-11,6.65,6.49,6.66,6.47,19105,25632668.0,2.86,-2.26,-0.15,1.37
东方电缆,603606,2016-08-12,6.51,6.6,6.6,6.47,13633,18272669.0,2.0,1.69,0.11,0.98
东方电缆,603606,2016-08-15,6.6,6.71,6.76,6.55,31396,42895572.0,3.18,1.67,0.11,2.25
东方电缆,603606,2016-08-16,6.7,6.75,6.76,6.66,24250,33314540.0,1.49,0.6,0.04,1.74
东方电缆,603606,2016-08-17,6.77,6.76,6.78,6.67,22029,30268498.0,1.63,0.15,0.01,1.58
东方电缆,603606,2016-08-18,6.73,6.82,6.86,6.73,28515,39525363.0,1.92,0.89,0.06,2.05
东方电缆,603606,2016-08-19,6.8,6.79,6.86,6.73,20337,28119616.0,1.91,-0.44,-0.03,1.46
东方电缆,603606,2016-08-22,6.76,6.67,6.84,6.65,15967,21937124.0,2.8,-1.77,-0.12,1.15
东方电缆,603606,2016-08-23,6.67,6.66,6.74,6.6,12440,16976775.0,2.1,-0.15,-0.01,0.89
东方电缆,603606,2016-08-24,6.65,6.98,7.04,6.65,64172,90279595.0,5.86,4.8,0.32,4.61
东方电缆,603606,2016-08-25,6.92,7.05,7.25,6.85,76101,109340128.0,5.73,1.0,0.07,5.47
东方电缆,603606,2016-08-26,7.04,6.96,7.17,6.93,37936,54170393.0,3.4,-1.28,-0.09,2.72
东方电缆,603606,2016-08-29,6.88,6.93,7.05,6.88,25779,36473772.0,2.44,-0.43,-0.03,1.85
东方电缆,603606,2016-08-30,6.93,7.29,7.3,6.93,83872,121893661.0,5.34,5.19,0.36,6.02
东方电缆,603606,2016-08-31,7.33,7.16,7.4,7.13,53911,78646567.0,3.7,-1.78,-0.13,3.87
东方电缆,603606,2016-09-01,7.14,7.0,7.19,7.0,38281,54894216.0,2.65,-2.23,-0.16,2.75
东方电缆,603606,2016-09-02,7.01,7.1,7.12,6.96,28800,41069530.0,2.29,1.43,0.1,2.07
东方电缆,603606,2016-09-05,7.14,7.15,7.17,7.04,28146,40473516.0,1.83,0.7,0.05,2.02
东方电缆,603606,2016-09-06,7.14,7.14,7.17,7.02,34972,50378083.0,2.1,-0.14,-0.01,2.51
东方电缆,603606,2016-09-07,7.13,6.99,7.18,6.98,39699,57125808.0,2.8,-2.1,-0.15,2.85
东方电缆,603606,2016-09-08,6.98,7.17,7.2,6.98,42795,61735319.0,3.15,2.58,0.18,3.07
东方电缆,603606,2016-09-09,7.15,6.96,7.31,6.96,45496,65595844.0,4.88,-2.93,-0.21,3.27
东方电缆,603606,2016-09-12,6.85,6.51,6.85,6.49,48079,65221322.0,5.17,-6.47,-0.45,3.45
东方电缆,603606,2016-09-13,6.54,6.61,6.62,6.53,20345,27349314.0,1.38,1.54,0.1,1.46
东方电缆,603606,2016-09-14,6.59,6.53,6.67,6.52,19374,26156893.0,2.27,-1.21,-0.08,1.39
东方电缆,603606,2016-09-19,6.58,6.64,6.67,6.49,13933,18877304.0,2.76,1.68,0.11,1.0
东方电缆,603606,2016-09-20,6.61,6.71,6.78,6.59,23256,31887613.0,2.86,1.05,0.07,1.67
东方电缆,603606,2016-09-21,6.71,6.75,6.79,6.66,12309,16925182.0,1.94,0.6,0.04,0.88
东方电缆,603606,2016-09-22,7.04,6.87,7.04,6.81,29590,41535502.0,3.41,1.78,0.12,2.13
东方电缆,603606,2016-09-23,6.8,6.74,6.87,6.73,18797,25994760.0,2.04,-1.89,-0.13,1.35
东方电缆,603606,2016-09-26,6.71,6.64,6.8,6.64,19941,27358935.0,2.37,-1.48,-0.1,1.43
东方电缆,603606,2016-09-27,6.64,6.68,6.71,6.55,11661,15815814.0,2.41,0.6,0.04,0.84
东方电缆,603606,2016-09-28,6.71,6.68,6.72,6.66,11983,16366753.0,0.9,0.0,0.0,0.86
东方电缆,603606,2016-09-29,6.68,6.69,6.73,6.67,14728,20133020.0,0.9,0.15,0.01,1.06
东方电缆,603606,2016-09-30,6.71,6.73,6.75,6.65,12548,17176280.0,1.49,0.6,0.04,0.9
东方电缆,603606,2016-10-10,6.77,6.89,6.89,6.74,23777,33077459.0,2.23,2.38,0.16,1.71
东方电缆,603606,2016-10-11,6.9,7.0,7.06,6.87,34872,49400151.0,2.76,1.6,0.11,2.5
东方电缆,603606,2016-10-12,6.99,7.01,7.08,6.93,20853,29691534.0,2.14,0.14,0.01,1.5
东方电缆,603606,2016-10-13,7.01,7.26,7.29,6.96,56140,81031536.0,4.71,3.57,0.25,4.03
东方电缆,603606,2016-10-14,7.24,7.26,7.33,7.06,56482,82122797.0,3.72,0.0,0.0,4.06
东方电缆,603606,2016-10-17,7.22,7.14,7.28,6.99,46045,66536686.0,3.99,-1.65,-0.12,3.31
东方电缆,603606,2016-10-18,7.08,7.25,7.3,7.08,59651,86957312.0,3.08,1.54,0.11,4.28
东方电缆,603606,2016-10-19,7.25,7.33,7.39,7.17,61388,90463791.0,3.03,1.1,0.08,4.41
东方电缆,603606,2016-10-20,7.33,7.26,7.34,7.21,31152,45671032.0,1.77,-0.95,-0.07,2.24
东方电缆,603606,2016-10-21,7.2,7.3,7.37,7.16,46573,68444939.0,2.89,0.55,0.04,3.34
东方电缆,603606,2016-10-24,7.29,7.39,7.58,7.2,63483,94333681.0,5.21,1.23,0.09,4.56
东方电缆,603606,2016-10-25,7.66,7.29,7.66,7.28,61695,92205142.0,5.14,-1.35,-0.1,4.43
东方电缆,603606,2016-10-26,7.23,7.14,7.28,7.09,47425,68915923.0,2.61,-2.06,-0.15,3.41
东方电缆,603606,2016-10-27,7.11,7.19,7.24,7.1,19361,28158665.0,1.96,0.7,0.05,1.39
东方电缆,603606,2016-10-28,7.14,7.34,7.44,7.14,55575,81918887.0,4.17,2.09,0.15,3.99
东方电缆,603606,2016-10-31,7.36,7.28,7.36,7.14,26614,38967515.0,3.0,-0.82,-0.06,1.91
东方电缆,603606,2016-11-01,7.28,7.6,7.62,7.23,105181,158357413.0,5.36,4.4,0.32,7.55
东方电缆,603606,2016-11-02,7.59,7.44,7.59,7.42,60902,91891600.0,2.24,-2.11,-0.16,4.37
东方电缆,603606,2016-11-03,7.4,7.78,7.95,7.36,132088,204373897.0,7.93,4.57,0.34,9.49
东方电缆,603606,2016-11-04,7.77,7.79,7.89,7.66,76388,118540207.0,2.96,0.13,0.01,5.49
东方电缆,603606,2016-11-07,7.76,7.54,8.24,7.5,77072,120312886.0,9.5,-3.21,-0.25,5.54
东方电缆,603606,2016-11-08,7.51,7.59,7.72,7.51,44418,67862863.0,2.79,0.66,0.05,3.19
东方电缆,603606,2016-11-09,7.59,7.73,7.78,7.51,55526,85180702.0,3.56,1.84,0.14,3.99
东方电缆,603606,2016-11-10,7.81,7.87,8.0,7.74,72123,113335947.0,3.36,1.81,0.14,5.18
东方电缆,603606,2016-11-11,7.87,7.82,7.91,7.73,43618,68078638.0,2.29,-0.64,-0.05,3.13
东方电缆,603606,2016-11-14,7.88,8.0,8.07,7.81,71977,114241779.0,3.32,2.3,0.18,5.17
东方电缆,603606,2016-11-15,7.94,7.98,8.0,7.86,39062,61864517.0,1.75,-0.25,-0.02,2.81
东方电缆,603606,2016-11-16,8.03,8.06,8.21,7.92,70986,114304448.0,3.63,1.0,0.08,5.1
东方电缆,603606,2016-11-17,8.1,7.92,8.25,7.87,48695,77612020.0,4.71,-1.74,-0.14,3.5
东方电缆,603606,2016-11-18,7.95,7.86,8.0,7.67,45952,71790447.0,4.17,-0.76,-0.06,3.3
东方电缆,603606,2016-11-21,7.82,7.83,7.99,7.73,51930,81222566.0,3.31,-0.38,-0.03,3.73
东方电缆,603606,2016-11-22,7.83,8.11,8.19,7.79,100146,160208268.0,5.11,3.58,0.28,7.19
东方电缆,603606,2016-11-23,8.12,7.98,8.3,7.87,57030,91222302.0,5.3,-1.6,-0.13,4.1
东方电缆,603606,2016-11-24,7.91,7.82,8.04,7.79,37063,58608313.0,3.13,-2.01,-0.16,2.66
东方电缆,603606,2016-11-25,7.8,7.83,7.88,7.63,32631,50754190.0,3.2,0.13,0.01,2.34
东方电缆,603606,2016-11-28,7.78,7.54,7.83,7.53,43595,67178270.0,3.83,-3.7,-0.29,3.13
东方电缆,603606,2016-11-29,7.52,7.32,7.53,7.31,45813,68352648.0,2.92,-2.92,-0.22,3.29
东方电缆,603606,2016-11-30,7.28,7.42,7.42,7.28,19770,29388703.0,1.91,1.37,0.1,1.42
东方电缆,603606,2016-12-01,7.42,7.38,7.47,7.36,17363,25889980.0,1.48,-0.54,-0.04,1.25
东方电缆,603606,2016-12-02,7.41,7.17,7.52,7.16,25300,37393775.0,4.88,-2.85,-0.21,1.82
东方电缆,603606,2016-12-05,7.12,7.25,7.26,7.06,17316,25176822.0,2.79,1.12,0.08,1.24
东方电缆,603606,2016-12-06,7.31,7.32,7.38,7.16,19188,28281512.0,3.03,0.97,0.07,1.38
东方电缆,603606,2016-12-07,7.31,7.36,7.41,7.25,15558,23046915.0,2.19,0.55,0.04,1.12
东方电缆,603606,2016-12-08,7.39,7.33,7.45,7.3,20078,29852672.0,2.04,-0.41,-0.03,1.44
东方电缆,603606,2016-12-09,7.4,7.33,7.4,7.28,10961,16217683.0,1.64,0.0,0.0,0.79
东方电缆,603606,2016-12-12,7.36,7.17,7.36,6.71,36405,51561415.0,8.87,-2.18,-0.16,2.61
东方电缆,603606,2016-12-13,7.13,7.17,7.19,6.84,26228,37303670.0,4.88,0.0,0.0,1.88
东方电缆,603606,2016-12-14,7.18,7.37,7.41,7.09,67613,99212799.0,4.46,2.79,0.2,4.86
东方电缆,603606,2016-12-15,7.28,7.45,7.48,7.17,60397,89701851.0,4.21,1.09,0.08,4.34
东方电缆,603606,2016-12-16,7.39,7.4,7.46,7.37,26053,38907404.0,1.21,-0.67,-0.05,1.87
东方电缆,603606,2016-12-19,7.42,7.28,7.42,7.22,19376,28481290.0,2.7,-1.62,-0.12,1.39
东方电缆,603606,2016-12-20,7.28,7.4,7.47,7.2,24540,36143010.0,3.71,1.65,0.12,1.76
东方电缆,603606,2016-12-21,7.4,7.48,7.52,7.34,28810,43183539.0,2.43,1.08,0.08,2.07
东方电缆,603606,2016-12-22,7.44,7.59,7.6,7.41,33182,50221834.0,2.54,1.47,0.11,2.38
东方电缆,603606,2016-12-23,7.59,7.4,7.61,7.37,29996,45002098.0,3.16,-2.5,-0.19,2.15
东方电缆,603606,2016-12-26,7.37,7.51,7.54,7.18,19995,29735699.0,4.86,1.49,0.11,1.44
东方电缆,603606,2016-12-27,7.51,7.56,7.61,7.38,30337,45855823.0,3.06,0.67,0.05,2.18
东方电缆,603606,2016-12-28,7.5,7.62,7.76,7.47,37660,57415611.0,3.84,0.79,0.06,2.7
东方电缆,603606,2016-12-29,7.65,7.67,7.73,7.49,33738,51328088.0,3.15,0.66,0.05,2.42
东方电缆,603606,2016-12-30,7.63,7.66,7.72,7.59,34040,52314629.0,1.69,-0.13,-0.01,2.44
东方电缆,603606,2017-01-03,7.67,7.63,7.73,7.45,19097,29219654.0,3.66,-0.39,-0.03,1.37
东方电缆,603606,2017-01-04,7.63,7.61,7.65,7.5,24768,37761975.0,1.97,-0.26,-0.02,1.78
东方电缆,603606,2017-01-05,7.68,7.71,7.84,7.62,41138,63680925.0,2.89,1.31,0.1,2.95
东方电缆,603606,2017-01-06,7.62,7.68,7.7,7.54,40743,62196113.0,2.08,-0.39,-0.03,2.93
东方电缆,603606,2017-01-09,7.66,7.8,7.81,7.56,44654,69063631.0,3.26,1.56,0.12,3.21
东方电缆,603606,2017-01-10,7.76,7.93,7.99,7.71,71874,113085845.0,3.59,1.67,0.13,5.16
东方电缆,603606,2017-01-11,7.95,7.74,7.95,7.62,45539,70947607.0,4.16,-2.4,-0.19,3.27
东方电缆,603606,2017-01-12,7.73,7.72,7.78,7.61,26691,41138734.0,2.2,-0.26,-0.02,1.92
东方电缆,603606,2017-01-13,7.65,7.65,7.73,7.56,27196,41693601.0,2.2,-0.91,-0.07,1.95
东方电缆,603606,2017-01-16,7.63,7.39,7.63,6.88,43363,63988395.0,9.8,-3.4,-0.26,3.11
东方电缆,603606,2017-01-17,7.45,7.41,7.45,7.16,28350,41796218.0,3.92,0.27,0.02,2.04
东方电缆,603606,2017-01-18,7.4,7.36,7.42,7.25,27419,40547221.0,2.29,-0.67,-0.05,1.97
东方电缆,603606,2017-01-19,7.37,7.38,7.56,7.25,21279,31526893.0,4.21,0.27,0.02,1.53
东方电缆,603606,2017-01-20,7.36,7.51,7.55,7.27,38540,57823069.0,3.79,1.76,0.13,2.77
东方电缆,603606,2017-01-23,7.55,7.52,7.65,7.41,39179,59079115.0,3.2,0.13,0.01,2.81
东方电缆,603606,2017-01-24,7.5,7.91,8.38,7.5,113264,180298625.0,11.7,5.19,0.39,8.13
东方电缆,603606,2017-01-25,7.91,7.79,7.91,7.66,65861,102394161.0,3.16,-1.52,-0.12,4.73
东方电缆,603606,2017-01-26,7.73,7.86,7.96,7.73,50156,78701897.0,2.95,0.9,0.07,3.6
东方电缆,603606,2017-02-03,7.9,7.94,8.03,7.76,46213,72723555.0,3.44,1.02,0.08,3.32
东方电缆,603606,2017-02-06,7.94,8.0,8.06,7.82,56899,90062185.0,3.02,0.76,0.06,4.09
东方电缆,603606,2017-02-07,8.0,7.89,8.07,7.86,48081,76276019.0,2.63,-1.38,-0.11,3.45
东方电缆,603606,2017-02-08,7.79,8.07,8.36,7.7,98957,157943179.0,8.37,2.28,0.18,7.11
东方电缆,603606,2017-02-09,8.02,8.1,8.19,7.96,77844,125347262.0,2.85,0.37,0.03,5.59
东方电缆,603606,2017-02-10,8.07,8.03,8.39,8.02,103958,169574021.0,4.57,-0.86,-0.07,7.47
东方电缆,603606,2017-02-13,7.8,7.93,8.02,7.79,69499,109433448.0,2.86,-1.25,-0.1,4.99
东方电缆,603606,2017-02-14,7.96,8.04,8.11,7.8,66683,105789320.0,3.91,1.39,0.11,4.79
东方电缆,603606,2017-02-15,8.03,7.96,8.07,7.86,63634,101057736.0,2.61,-1.0,-0.08,4.57
东方电缆,603606,2017-02-16,7.88,8.26,8.29,7.79,121710,196901770.0,6.28,3.77,0.3,8.74
东方电缆,603606,2017-02-17,8.22,8.24,8.34,8.1,99635,163312763.0,2.91,-0.24,-0.02,7.16
东方电缆,603606,2017-02-20,8.14,8.56,8.59,8.14,138545,232554246.0,5.46,3.88,0.32,9.95
东方电缆,603606,2017-02-21,8.53,8.51,8.72,8.39,103021,173850517.0,3.86,-0.58,-0.05,7.4
东方电缆,603606,2017-02-22,8.53,8.32,8.8,8.25,154180,259897907.0,6.46,-2.23,-0.19,11.07
东方电缆,603606,2017-02-23,8.22,8.28,8.39,8.19,70730,116416418.0,2.4,-0.48,-0.04,5.08
东方电缆,603606,2017-02-24,8.27,8.35,8.38,8.12,56113,92021666.0,3.14,0.85,0.07,4.03
东方电缆,603606,2017-02-27,8.26,8.27,8.45,8.19,51459,84978155.0,3.11,-0.96,-0.08,3.7
东方电缆,603606,2017-02-28,8.2,8.07,8.33,8.04,54836,89095814.0,3.51,-2.42,-0.2,3.94
东方电缆,603606,2017-03-01,8.02,7.96,8.13,7.95,47197,75666552.0,2.23,-1.36,-0.11,3.39
东方电缆,603606,2017-03-02,7.95,7.89,8.04,7.88,34529,54844067.0,2.01,-0.88,-0.07,2.48
东方电缆,603606,2017-03-03,7.88,8.04,8.1,7.81,49381,78699505.0,3.68,1.9,0.15,3.55
东方电缆,603606,2017-03-06,8.09,8.13,8.16,8.01,42422,68399763.0,1.87,1.12,0.09,3.05
东方电缆,603606,2017-03-07,8.11,8.17,8.22,8.09,39202,63684745.0,1.6,0.49,0.04,2.82
东方电缆,603606,2017-03-08,8.18,8.19,8.26,8.12,43292,70552622.0,1.71,0.24,0.02,3.11
东方电缆,603606,2017-03-09,8.12,7.94,8.18,7.93,33187,53027880.0,3.05,-3.05,-0.25,2.38
东方电缆,603606,2017-03-10,7.87,7.98,8.06,7.86,24598,39103768.0,2.52,0.5,0.04,1.77
东方电缆,603606,2017-03-13,7.9,8.0,8.03,7.85,22364,35541920.0,2.26,0.25,0.02,1.61
东方电缆,603606,2017-03-14,7.97,7.97,8.1,7.92,26876,43041224.0,2.25,-0.38,-0.03,1.93
东方电缆,603606,2017-03-15,7.98,7.99,8.03,7.9,17686,28131447.0,1.63,0.25,0.02,1.27
东方电缆,603606,2017-03-16,7.97,8.13,8.15,7.97,36061,58250873.0,2.25,1.75,0.14,2.59
东方电缆,603606,2017-03-17,8.14,7.96,8.23,7.93,29758,47860259.0,3.69,-2.09,-0.17,2.14
东方电缆,603606,2017-03-20,7.96,8.04,8.07,7.94,25053,40145039.0,1.63,1.01,0.08,1.8
东方电缆,603606,2017-03-21,8.04,8.15,8.16,7.94,30889,49835230.0,2.74,1.37,0.11,2.22
东方电缆,603606,2017-03-22,8.13,8.09,8.14,7.96,28942,46515161.0,2.21,-0.74,-0.06,2.08
东方电缆,603606,2017-03-23,8.08,8.35,8.39,8.06,84096,137725166.0,4.08,3.21,0.26,6.04
东方电缆,603606,2017-03-24,8.28,8.34,8.42,8.28,58903,97623795.0,1.68,-0.12,-0.01,4.23
东方电缆,603606,2017-03-27,8.42,8.31,8.5,8.27,47329,78669581.0,2.76,-0.36,-0.03,3.4
东方电缆,603606,2017-03-28,8.36,8.21,8.39,8.18,34014,55802355.0,2.53,-1.2,-0.1,2.44
东方电缆,603606,2017-03-29,8.21,8.39,8.44,8.21,79144,131344119.0,2.8,2.19,0.18,5.68
东方电缆,603606,2017-03-30,8.39,7.96,8.58,7.96,80374,131084272.0,7.39,-5.13,-0.43,5.77
东方电缆,603606,2017-03-31,7.87,8.1,8.15,7.79,67230,106311137.0,4.52,1.76,0.14,4.83
东方电缆,603606,2017-04-05,8.07,8.26,8.27,7.85,62458,100699346.0,5.19,1.98,0.16,4.49
东方电缆,603606,2017-04-06,8.26,8.31,8.34,8.23,57415,94631943.0,1.33,0.61,0.05,4.12
东方电缆,603606,2017-04-07,8.42,8.3,8.54,8.19,108715,180530468.0,4.21,-0.12,-0.01,7.81
东方电缆,603606,2017-04-10,8.3,8.14,8.42,8.03,70298,115836588.0,4.7,-1.93,-0.16,5.05
东方电缆,603606,2017-04-11,8.15,7.97,8.24,7.79,73605,117581997.0,5.53,-2.09,-0.17,5.29
东方电缆,603606,2017-04-12,8.02,7.86,8.02,7.81,48120,75882529.0,2.63,-1.38,-0.11,3.46
东方电缆,603606,2017-04-13,7.83,7.86,7.94,7.81,20775,32764684.0,1.65,0.0,0.0,1.49
东方电缆,603606,2017-04-14,7.84,7.52,7.86,7.42,50843,77155712.0,5.6,-4.33,-0.34,3.65
东方电缆,603606,2017-04-17,7.46,7.18,7.46,7.1,30272,44419012.0,4.79,-4.52,-0.34,2.17
东方电缆,603606,2017-04-18,7.19,7.05,7.29,7.05,23361,34010885.0,3.34,-1.81,-0.13,1.68
东方电缆,603606,2017-04-19,7.05,6.99,7.05,6.71,30683,42758047.0,4.82,-0.85,-0.06,2.2
东方电缆,603606,2017-04-20,6.88,7.0,7.1,6.83,26925,37920601.0,3.86,0.14,0.01,1.93
东方电缆,603606,2017-04-21,6.97,6.69,6.98,6.56,34235,47196749.0,6.0,-4.43,-0.31,2.46
东方电缆,603606,2017-04-24,6.59,5.91,6.63,5.91,67621,84744663.0,10.76,-11.66,-0.78,4.86
东方电缆,603606,2017-04-25,5.93,5.94,5.98,5.87,22219,27436105.0,1.86,0.51,0.03,1.6
东方电缆,603606,2017-04-26,5.94,5.96,6.05,5.91,18618,23173769.0,2.36,0.34,0.02,1.34
东方电缆,603606,2017-04-27,5.99,5.96,6.0,5.59,29896,36287836.0,6.88,0.0,0.0,2.15
东方电缆,603606,2017-04-28,5.99,6.11,6.13,5.92,24003,30123345.0,3.52,2.52,0.15,1.72
东方电缆,603606,2017-05-02,6.11,6.11,6.21,6.03,18321,23218236.0,2.95,0.0,0.0,1.32
东方电缆,603606,2017-05-03,6.08,6.14,6.16,6.03,16722,21174305.0,2.13,0.49,0.03,1.2
东方电缆,603606,2017-05-04,6.12,5.99,6.14,5.95,15464,19387955.0,3.09,-2.44,-0.15,1.11
东方电缆,603606,2017-05-05,5.94,5.93,6.04,5.91,17417,21561023.0,2.17,-1.0,-0.06,1.25
东方电缆,603606,2017-05-08,5.93,5.7,5.93,5.67,18410,22113365.0,4.38,-3.88,-0.23,1.32
东方电缆,603606,2017-05-09,5.71,5.86,5.89,5.68,13037,15740807.0,3.68,2.81,0.16,0.94
东方电缆,603606,2017-05-10,5.9,5.79,5.96,5.75,16546,20276459.0,3.58,-1.19,-0.07,1.19
东方电缆,603606,2017-05-11,5.74,5.82,5.83,5.57,20024,23880646.0,4.49,0.52,0.03,1.44
东方电缆,603606,2017-05-12,5.85,5.79,5.85,5.75,13129,15929846.0,1.72,-0.52,-0.03,0.94
东方电缆,603606,2017-05-15,5.87,5.85,5.87,5.77,9727,11801445.0,1.73,1.04,0.06,0.7
东方电缆,603606,2017-05-16,5.82,5.9,5.94,5.69,19177,23286185.0,4.27,0.85,0.05,1.38
东方电缆,603606,2017-05-17,5.89,5.99,6.03,5.85,23727,29471161.0,3.05,1.53,0.09,1.7
东方电缆,603606,2017-05-18,6.05,6.22,6.39,5.99,62195,80011727.0,6.68,3.84,0.23,4.47
东方电缆,603606,2017-05-19,6.16,6.11,6.2,6.03,26058,32906046.0,2.73,-1.77,-0.11,1.87
东方电缆,603606,2017-05-22,6.11,5.83,6.14,5.8,22814,28211466.0,5.56,-4.58,-0.28,1.64
东方电缆,603606,2017-05-23,5.85,5.61,5.9,5.59,19287,23167352.0,5.32,-3.77,-0.22,1.39
东方电缆,603606,2017-05-24,5.56,5.55,5.65,5.35,19726,22772326.0,5.35,-1.07,-0.06,1.42
东方电缆,603606,2017-05-25,5.37,5.65,5.73,5.37,17526,20489458.0,6.49,1.8,0.1,1.26
东方电缆,603606,2017-05-26,5.65,5.57,5.65,5.55,10285,12103686.0,1.77,-1.42,-0.08,0.74
东方电缆,603606,2017-05-31,5.65,5.55,5.7,5.54,11440,13445023.0,2.87,-0.36,-0.02,0.82
东方电缆,603606,2017-06-01,5.51,5.22,5.57,5.17,18824,21343404.0,7.21,-5.95,-0.33,1.35
东方电缆,603606,2017-06-02,5.17,5.29,5.34,5.12,17051,18952399.0,4.21,1.34,0.07,1.22
东方电缆,603606,2017-06-05,5.24,5.22,5.32,5.2,22057,24558186.0,2.27,-1.32,-0.07,1.58
东方电缆,603606,2017-06-06,5.21,5.27,5.28,5.19,15248,16968715.0,1.72,0.96,0.05,1.1
东方电缆,603606,2017-06-07,5.28,5.44,5.44,5.25,20328,23066516.0,3.61,3.23,0.17,1.46
东方电缆,603606,2017-06-08,5.45,5.42,5.5,5.37,15938,18267592.0,2.39,-0.37,-0.02,1.14
东方电缆,603606,2017-06-09,5.42,5.38,5.45,5.33,13425,15177510.0,2.21,-0.74,-0.04,0.96
东方电缆,603606,2017-06-12,5.38,5.28,5.38,5.23,13875,15449335.0,2.79,-1.86,-0.1,1.0
东方电缆,603606,2017-06-13,5.22,5.4,5.41,5.2,14381,16222867.0,3.98,2.27,0.12,1.03
东方电缆,603606,2017-06-14,5.36,5.41,5.43,5.34,13047,14806600.0,1.67,0.19,0.01,0.94
东方电缆,603606,2017-06-15,5.41,5.55,5.57,5.37,21117,24360519.0,3.7,2.59,0.14,1.52
东方电缆,603606,2017-06-16,5.55,5.48,5.55,5.45,14582,16791650.0,1.8,-1.26,-0.07,1.05
东方电缆,603606,2017-06-19,5.47,5.49,5.53,5.44,15990,18406276.0,1.64,0.18,0.01,1.15
东方电缆,603606,2017-06-20,5.58,5.5,5.61,5.47,16651,19274125.0,2.55,0.18,0.01,1.2
东方电缆,603606,2017-06-21,5.57,5.53,5.57,5.41,24259,28025262.0,2.91,0.55,0.03,1.74
东方电缆,603606,2017-06-22,5.48,5.7,6.1,5.44,67533,80720812.0,11.93,3.07,0.17,4.85
东方电缆,603606,2017-06-23,5.61,5.49,5.65,5.31,44235,51195668.0,5.96,-3.68,-0.21,3.18
东方电缆,603606,2017-06-26,5.45,5.67,5.68,5.36,34929,40505278.0,5.83,3.28,0.18,2.51
东方电缆,603606,2017-06-27,5.86,5.96,6.04,5.85,109602,135025551.0,3.35,5.11,0.29,7.87
东方电缆,603606,2017-06-28,5.84,5.83,5.87,5.77,36438,44064789.0,1.68,-2.18,-0.13,2.62
东方电缆,603606,2017-06-29,5.77,5.81,5.9,5.77,26014,31551472.0,2.23,-0.34,-0.02,1.87
东方电缆,603606,2017-06-30,5.81,5.77,5.85,5.71,20070,24068779.0,2.41,-0.69,-0.04,1.44
东方电缆,603606,2017-07-03,5.75,5.81,5.82,5.69,17709,21256047.0,2.25,0.69,0.04,1.27
东方电缆,603606,2017-07-04,5.79,5.73,5.79,5.71,15933,19067294.0,1.38,-1.38,-0.08,1.14
东方电缆,603606,2017-07-05,5.69,5.8,5.84,5.69,20408,24527134.0,2.62,1.22,0.07,1.47
东方电缆,603606,2017-07-06,5.82,5.85,5.93,5.77,33973,41322301.0,2.76,0.86,0.05,2.44
东方电缆,603606,2017-07-07,5.82,5.8,5.85,5.77,17926,21611821.0,1.37,-0.85,-0.05,1.29
东方电缆,603606,2017-07-10,5.76,5.76,5.8,5.7,17156,20537753.0,1.72,-0.69,-0.04,1.23
东方电缆,603606,2017-07-11,5.76,5.68,5.76,5.65,14964,17765682.0,1.91,-1.39,-0.08,1.07
东方电缆,603606,2017-07-12,5.68,5.52,5.68,5.48,20880,24258396.0,3.52,-2.82,-0.16,1.5
东方电缆,603606,2017-07-13,5.52,5.51,5.58,5.48,14133,16395146.0,1.81,-0.18,-0.01,1.02
东方电缆,603606,2017-07-14,5.51,5.55,5.57,5.49,7900,9163884.0,1.45,0.73,0.04,0.57
东方电缆,603606,2017-07-17,5.53,5.07,5.56,4.99,25320,27870134.0,10.27,-8.65,-0.48,1.82
东方电缆,603606,2017-07-18,5.07,5.11,5.16,5.01,17129,18491269.0,2.96,0.79,0.04,1.23
东方电缆,603606,2017-07-19,5.08,5.18,5.18,5.05,14133,15342483.0,2.54,1.37,0.07,1.02
东方电缆,603606,2017-07-20,5.14,5.22,5.24,5.12,10962,12064060.0,2.32,0.77,0.04,0.79
东方电缆,603606,2017-07-21,5.22,5.16,5.3,5.11,10488,11457673.0,3.64,-1.15,-0.06,0.75
东方电缆,603606,2017-07-24,5.15,5.17,5.18,5.1,9450,10317033.0,1.55,0.19,0.01,0.68
东方电缆,603606,2017-07-25,5.24,5.37,5.5,5.24,36121,41064095.0,5.03,3.87,0.2,2.59
东方电缆,603606,2017-07-26,5.33,5.3,5.35,5.25,15112,16877046.0,1.86,-1.3,-0.07,1.09
东方电缆,603606,2017-07-27,5.28,5.35,5.39,5.25,15578,17488243.0,2.64,0.94,0.05,1.12
东方电缆,603606,2017-07-28,5.35,5.34,5.44,5.32,11543,13053281.0,2.24,-0.19,-0.01,0.83
东方电缆,603606,2017-07-31,5.41,5.46,5.46,5.34,18151,20692429.0,2.25,2.25,0.12,1.3
东方电缆,603606,2017-08-01,5.48,5.52,5.73,5.44,25116,29302687.0,5.31,1.1,0.06,1.8
东方电缆,603606,2017-08-02,5.48,5.37,5.52,5.36,17340,19777654.0,2.9,-2.72,-0.15,1.25
东方电缆,603606,2017-08-03,5.32,5.42,5.44,5.32,9045,10266998.0,2.23,0.93,0.05,0.65
东方电缆,603606,2017-08-04,5.37,5.32,5.42,5.31,13382,15080187.0,2.03,-1.85,-0.1,0.96
东方电缆,603606,2017-08-07,5.38,5.36,5.38,5.28,10322,11583345.0,1.88,0.75,0.04,0.74
东方电缆,603606,2017-08-08,5.36,5.34,5.36,5.3,10145,11387070.0,1.12,-0.37,-0.02,0.73
东方电缆,603606,2017-08-09,5.34,5.38,5.39,5.32,9063,10229982.0,1.31,0.75,0.04,0.65
东方电缆,603606,2017-08-10,5.37,5.36,5.44,5.31,12920,14641273.0,2.42,-0.37,-0.02,0.93
东方电缆,603606,2017-08-11,5.31,5.35,5.36,5.3,11456,12870788.0,1.12,-0.19,-0.01,0.82
东方电缆,603606,2017-08-14,5.32,5.67,5.69,5.32,47875,56002443.0,6.92,5.98,0.32,3.44
东方电缆,603606,2017-08-15,5.62,5.63,5.65,5.56,20525,24094517.0,1.59,-0.71,-0.04,1.47
东方电缆,603606,2017-08-16,5.64,5.63,5.65,5.56,13285,15559307.0,1.6,0.0,0.0,0.95
东方电缆,603606,2017-08-17,5.63,5.75,5.76,5.56,24083,28538758.0,3.55,2.13,0.12,1.73
东方电缆,603606,2017-08-18,5.73,5.62,5.73,5.61,12382,14678722.0,2.09,-2.26,-0.13,0.89
东方电缆,603606,2017-08-21,5.59,5.67,5.67,5.57,10770,12689041.0,1.78,0.89,0.05,0.77
东方电缆,603606,2017-08-22,5.69,5.59,5.7,5.59,8643,10180124.0,1.94,-1.41,-0.08,0.62
东方电缆,603606,2017-08-23,5.62,5.57,5.63,5.55,11397,13310029.0,1.43,-0.36,-0.02,0.82
东方电缆,603606,2017-08-24,5.55,5.58,5.65,5.54,7028,8213099.0,1.97,0.18,0.01,0.5
东方电缆,603606,2017-08-25,5.58,5.62,5.64,5.54,9622,11285430.0,1.79,0.72,0.04,0.69
东方电缆,603606,2017-08-28,5.65,5.67,5.75,5.64,12316,14630636.0,1.96,0.89,0.05,0.88
东方电缆,603606,2017-08-29,5.71,5.65,5.71,5.61,9949,11752899.0,1.76,-0.35,-0.02,0.71
东方电缆,603606,2017-08-30,5.64,5.6,5.66,5.53,12031,14034544.0,2.3,-0.88,-0.05,0.86
东方电缆,603606,2017-08-31,5.59,5.6,5.61,5.55,10872,12690251.0,1.07,0.0,0.0,0.78
东方电缆,603606,2017-09-01,5.6,5.56,5.61,5.54,11753,13713419.0,1.25,-0.71,-0.04,0.84
东方电缆,603606,2017-09-04,5.58,5.73,5.73,5.57,27006,32086353.0,2.88,3.06,0.17,1.94
东方电缆,603606,2017-09-05,5.73,5.69,5.75,5.68,12438,14807447.0,1.22,-0.7,-0.04,0.89
东方电缆,603606,2017-09-06,5.7,5.81,5.93,5.7,33800,41079244.0,4.04,2.11,0.12,2.43
东方电缆,603606,2017-09-07,5.79,5.74,5.85,5.72,18307,22002526.0,2.24,-1.2,-0.07,1.31
东方电缆,603606,2017-09-08,5.71,5.73,5.79,5.67,11383,13577493.0,2.09,-0.17,-0.01,0.82
东方电缆,603606,2017-09-11,5.76,5.74,5.76,5.69,13687,16331762.0,1.22,0.17,0.01,0.98
东方电缆,603606,2017-09-12,5.73,5.67,5.78,5.65,14506,17267286.0,2.26,-1.22,-0.07,1.04
东方电缆,603606,2017-09-13,5.67,5.71,5.73,5.64,10584,12553598.0,1.59,0.71,0.04,0.76
东方电缆,603606,2017-09-14,5.71,5.64,5.71,5.53,10663,12601238.0,3.15,-1.23,-0.07,0.77
东方电缆,603606,2017-09-15,5.65,5.63,5.67,5.59,10225,12014176.0,1.42,-0.18,-0.01,0.73
东方电缆,603606,2017-09-18,5.63,5.62,5.66,5.6,9060,10653998.0,1.07,-0.18,-0.01,0.65
东方电缆,603606,2017-09-19,5.62,5.73,5.79,5.62,18112,21644782.0,3.02,1.96,0.11,1.3
东方电缆,603606,2017-09-20,5.71,5.71,5.72,5.63,13574,16075551.0,1.57,-0.35,-0.02,0.97
东方电缆,603606,2017-09-21,5.69,5.6,5.72,5.59,13186,15603682.0,2.28,-1.93,-0.11,0.95
东方电缆,603606,2017-09-22,5.59,5.65,5.69,5.59,11254,13259975.0,1.79,0.89,0.05,0.81
东方电缆,603606,2017-09-25,5.65,5.61,5.72,5.59,11104,13087192.0,2.3,-0.71,-0.04,0.8
东方电缆,603606,2017-09-26,5.56,5.53,5.66,5.53,10743,12503278.0,2.32,-1.43,-0.08,0.77
东方电缆,603606,2017-09-27,5.53,5.62,5.63,5.49,10591,12316878.0,2.53,1.63,0.09,0.76
东方电缆,603606,2017-09-28,5.96,5.68,5.96,5.67,28879,34801820.0,5.16,1.07,0.06,2.07
东方电缆,603606,2017-09-29,5.68,5.66,5.69,5.57,16786,19738305.0,2.11,-0.35,-0.02,1.21
东方电缆,603606,2017-10-09,5.67,5.79,5.84,5.67,28257,34032781.0,3.0,2.3,0.13,2.03
东方电缆,603606,2017-10-10,5.77,5.81,5.82,5.74,19251,23122118.0,1.38,0.35,0.02,1.38
东方电缆,603606,2017-10-11,5.79,5.8,5.84,5.73,20457,24627871.0,1.89,-0.17,-0.01,1.47
东方电缆,603606,2017-10-12,5.71,5.7,5.81,5.67,16436,19624799.0,2.41,-1.72,-0.1,1.18
东方电缆,603606,2017-10-13,5.7,5.73,5.79,5.7,9909,11847606.0,1.58,0.53,0.03,0.71
东方电缆,603606,2017-10-16,5.84,5.77,5.91,5.69,24666,29769549.0,3.84,0.7,0.04,0.87
东方电缆,603606,2017-10-17,5.8,5.7,5.8,5.65,12409,14720121.0,2.6,-1.21,-0.07,0.44
东方电缆,603606,2017-10-18,5.65,5.57,5.71,5.55,16067,18857580.0,2.81,-2.28,-0.13,0.57
东方电缆,603606,2017-10-19,5.59,5.44,5.62,5.38,13967,16005242.0,4.31,-2.33,-0.13,0.49
东方电缆,603606,2017-10-20,5.45,5.52,5.52,5.39,7048,8072704.0,2.39,1.47,0.08,0.25
东方电缆,603606,2017-10-23,5.51,5.55,5.56,5.48,4483,5185994.0,1.45,0.54,0.03,0.16
东方电缆,603606,2017-10-24,5.51,5.52,5.58,5.45,6961,8018548.0,2.34,-0.54,-0.03,0.25
东方电缆,603606,2017-10-25,5.55,5.54,5.55,5.51,4388,5081028.0,0.72,0.36,0.02,0.16
东方电缆,603606,2017-10-26,5.54,5.56,5.59,5.48,6362,7406269.0,1.99,0.36,0.02,0.22
东方电缆,603606,2017-10-27,5.55,5.63,5.66,5.54,11137,13072280.0,2.16,1.26,0.07,0.39
东方电缆,603606,2017-10-30,5.67,5.46,5.67,5.41,8970,10342418.0,4.62,-3.02,-0.17,0.32
东方电缆,603606,2017-10-31,5.45,5.51,5.56,5.45,5117,5914421.0,2.01,0.92,0.05,0.18
东方电缆,603606,2017-11-01,5.51,5.51,5.52,5.47,4171,4807470.0,0.91,0.0,0.0,0.15
东方电缆,603606,2017-11-02,5.51,5.45,5.57,5.43,7332,8447076.0,2.54,-1.09,-0.06,0.26
东方电缆,603606,2017-11-03,5.45,5.43,5.51,5.4,7632,8721079.0,2.02,-0.37,-0.02,0.27
东方电缆,603606,2017-11-06,5.48,5.55,5.56,5.44,7830,9040345.0,2.21,2.21,0.12,0.28
东方电缆,603606,2017-11-07,5.56,5.57,5.58,5.51,7799,9072710.0,1.26,0.36,0.02,0.28
东方电缆,603606,2017-11-08,5.58,5.6,5.6,5.54,8083,9421352.0,1.08,0.54,0.03,0.29
东方电缆,603606,2017-11-09,5.65,6.18,6.26,5.65,112040,140043306.0,10.89,10.36,0.58,3.96
东方电缆,603606,2017-11-10,6.12,5.92,6.12,5.91,69028,85479350.0,3.4,-4.21,-0.26,2.44
东方电缆,603606,2017-11-13,5.92,5.98,6.1,5.85,47047,58532623.0,4.22,1.01,0.06,1.66
东方电缆,603606,2017-11-14,5.93,6.02,6.06,5.84,27615,33775768.0,3.68,0.67,0.04,0.98
东方电缆,603606,2017-11-15,5.97,5.89,6.02,5.88,17651,21707539.0,2.33,-2.16,-0.13,0.62
东方电缆,603606,2017-11-16,5.92,5.76,5.92,5.74,21903,26531186.0,3.06,-2.21,-0.13,0.77
东方电缆,603606,2017-11-17,5.76,5.54,5.8,5.48,24857,29321497.0,5.56,-3.82,-0.22,0.88
东方电缆,603606,2017-11-20,5.53,5.52,5.54,5.08,16799,19175663.0,8.3,-0.36,-0.02,0.59
东方电缆,603606,2017-11-21,5.53,5.54,5.6,5.52,12743,14825530.0,1.45,0.36,0.02,0.45
东方电缆,603606,2017-11-22,5.49,5.51,5.55,5.48,8453,9767854.0,1.26,-0.54,-0.03,0.3
东方电缆,603606,2017-11-23,5.51,5.38,5.58,5.37,11080,12779504.0,3.81,-2.36,-0.13,0.39
东方电缆,603606,2017-11-24,5.37,5.42,5.46,5.37,7193,8203049.0,1.67,0.74,0.04,0.25
东方电缆,603606,2017-11-27,5.43,5.49,5.55,5.4,6733,7764870.0,2.77,1.29,0.07,0.24
东方电缆,603606,2017-11-28,5.49,5.52,5.52,5.46,6515,7518374.0,1.09,0.55,0.03,0.23
东方电缆,603606,2017-11-29,5.55,5.48,5.55,5.46,7149,8239210.0,1.63,-0.72,-0.04,0.25
东方电缆,603606,2017-11-30,5.47,5.58,5.58,5.47,10958,12733572.0,2.01,1.82,0.1,0.35
东方电缆,603606,2017-12-01,5.55,5.63,5.68,5.53,8860,10403631.0,2.69,0.9,0.05,0.28
东方电缆,603606,2017-12-04,5.61,5.57,5.71,5.55,9302,10958885.0,2.84,-1.07,-0.06,0.3
东方电缆,603606,2017-12-05,5.57,5.64,5.86,5.57,23814,28387836.0,5.21,1.26,0.07,0.77
东方电缆,603606,2017-12-06,5.64,5.75,5.76,5.48,17483,20468065.0,4.96,1.95,0.11,0.56
东方电缆,603606,2017-12-07,5.71,5.73,5.8,5.68,14098,16855462.0,2.09,-0.35,-0.02,0.45
东方电缆,603606,2017-12-08,5.7,5.79,5.8,5.7,13156,15784288.0,1.75,1.05,0.06,0.42
东方电缆,603606,2017-12-11,5.79,5.81,5.87,5.75,13868,16748281.0,2.07,0.35,0.02,0.45
东方电缆,603606,2017-12-12,5.82,5.69,5.82,5.69,15708,18810836.0,2.24,-2.07,-0.12,0.51
东方电缆,603606,2017-12-13,5.71,5.76,5.79,5.7,9087,10877836.0,1.58,1.23,0.07,0.29
东方电缆,603606,2017-12-14,5.74,5.73,5.85,5.68,17104,20532145.0,2.95,-0.52,-0.03,0.55
东方电缆,603606,2017-12-15,5.72,5.67,5.75,5.62,9077,10724730.0,2.27,-1.05,-0.06,0.29
东方电缆,603606,2017-12-18,5.68,5.53,5.7,5.52,12585,14736643.0,3.17,-2.47,-0.14,0.4
东方电缆,603606,2017-12-19,5.53,5.55,5.61,5.53,7156,8332532.0,1.45,0.36,0.02,0.23
东方电缆,603606,2017-12-20,5.56,5.49,5.59,5.49,6822,7929749.0,1.8,-1.08,-0.06,0.22
东方电缆,603606,2017-12-21,5.56,5.5,5.56,5.42,9286,10690462.0,2.55,0.18,0.01,0.3
东方电缆,603606,2017-12-22,5.53,5.61,5.61,5.48,11773,13700954.0,2.36,2.0,0.11,0.38
东方电缆,603606,2017-12-25,5.6,5.49,5.6,5.45,9942,11465041.0,2.67,-2.14,-0.12,0.32
东方电缆,603606,2017-12-26,5.45,5.5,5.52,5.45,4654,5353463.0,1.28,0.18,0.01,0.15
东方电缆,603606,2017-12-27,5.46,5.46,5.49,5.43,5407,6196105.0,1.09,-0.73,-0.04,0.17
东方电缆,603606,2017-12-28,5.48,5.43,5.51,5.42,5255,6036117.0,1.65,-0.55,-0.03,0.17
东方电缆,603606,2017-12-29,5.44,5.52,5.53,5.42,5510,6335156.0,2.03,1.66,0.09,0.18
东方电缆,603606,2018-01-02,5.52,5.55,5.58,5.52,4356,5068272.0,1.09,0.54,0.03,0.14
东方电缆,603606,2018-01-03,5.55,5.59,5.6,5.52,6232,7274554.0,1.44,0.72,0.04,0.2
东方电缆,603606,2018-01-04,5.65,5.7,5.84,5.65,20306,24245238.0,3.4,1.97,0.11,0.65
东方电缆,603606,2018-01-05,5.71,5.69,5.73,5.65,9198,10909204.0,1.4,-0.18,-0.01,0.3
东方电缆,603606,2018-01-08,5.67,5.75,5.76,5.61,10112,12014803.0,2.64,1.05,0.06,0.33
东方电缆,603606,2018-01-09,5.72,5.66,5.73,5.65,6440,7638980.0,1.39,-1.57,-0.09,0.21
东方电缆,603606,2018-01-10,5.65,5.57,5.68,5.53,7215,8456111.0,2.65,-1.59,-0.09,0.23
东方电缆,603606,2018-01-11,5.53,5.58,5.64,5.53,5938,6931496.0,1.97,0.18,0.01,0.19
东方电缆,603606,2018-01-12,5.59,5.48,5.59,5.48,7805,9030076.0,1.97,-1.79,-0.1,0.25
东方电缆,603606,2018-01-15,5.52,5.37,5.52,5.37,8909,10172157.0,2.74,-2.01,-0.11,0.29
东方电缆,603606,2018-01-16,5.37,5.43,5.45,5.37,4614,5257939.0,1.49,1.12,0.06,0.15
东方电缆,603606,2018-01-17,5.43,5.48,5.49,5.4,5365,6140145.0,1.66,0.92,0.05,0.17
东方电缆,603606,2018-01-18,5.48,5.45,5.5,5.44,4032,4625497.0,1.09,-0.55,-0.03,0.13
东方电缆,603606,2018-01-19,5.45,5.43,5.48,5.42,4690,5361928.0,1.1,-0.37,-0.02,0.15
东方电缆,603606,2018-01-22,5.43,5.43,5.44,5.37,5023,5707260.0,1.29,0.0,0.0,0.16
东方电缆,603606,2018-01-23,5.4,5.48,5.53,5.4,5072,5817088.0,2.39,0.92,0.05,0.16
东方电缆,603606,2018-01-24,5.44,5.47,5.48,5.41,4825,5521059.0,1.28,-0.18,-0.01,0.16
东方电缆,603606,2018-01-25,5.47,5.4,5.47,5.39,8820,10070608.0,1.46,-1.28,-0.07,0.28
东方电缆,603606,2018-01-26,5.39,5.4,5.44,5.38,4380,4976914.0,1.11,0.0,0.0,0.14
东方电缆,603606,2018-01-29,5.4,5.35,5.42,5.35,5875,6663513.0,1.3,-0.93,-0.05,0.19
东方电缆,603606,2018-01-30,5.34,5.35,5.38,5.32,4118,4640682.0,1.12,0.0,0.0,0.13
东方电缆,603606,2018-01-31,5.35,5.22,5.35,5.21,7701,8590509.0,2.62,-2.43,-0.13,0.25
东方电缆,603606,2018-02-01,5.2,4.96,5.26,4.85,11943,12912704.0,7.85,-4.98,-0.26,0.38
东方电缆,603606,2018-02-02,5.02,4.79,5.04,4.74,12516,13094473.0,6.05,-3.43,-0.17,0.4
东方电缆,603606,2018-02-05,4.55,4.8,4.82,4.55,6438,6485986.0,5.64,0.21,0.01,0.21
东方电缆,603606,2018-02-06,4.63,4.55,4.79,4.55,9086,9064814.0,5.0,-5.21,-0.25,0.29
东方电缆,603606,2018-02-07,4.53,4.53,4.69,4.41,5972,5868504.0,6.15,-0.44,-0.02,0.19
东方电缆,603606,2018-02-08,4.53,4.59,4.59,4.42,3527,3484538.0,3.75,1.32,0.06,0.11
东方电缆,603606,2018-02-09,4.56,4.45,4.56,4.4,7291,7085596.0,3.49,-3.05,-0.14,0.23
东方电缆,603606,2018-02-12,4.45,4.54,4.56,4.45,5136,5034970.0,2.47,2.02,0.09,0.17
东方电缆,603606,2018-02-13,4.55,4.56,4.62,4.55,2922,2901957.0,1.54,0.44,0.02,0.09
东方电缆,603606,2018-02-14,4.6,4.63,4.63,4.55,3555,3536964.0,1.75,1.54,0.07,0.11
东方电缆,603606,2018-02-22,4.65,4.71,4.78,4.62,4242,4303545.0,3.46,1.73,0.08,0.14
东方电缆,603606,2018-02-23,4.71,4.68,4.74,4.67,3543,3594890.0,1.49,-0.64,-0.03,0.11
东方电缆,603606,2018-02-26,4.69,4.73,4.79,4.69,4127,4203192.0,2.14,1.07,0.05,0.13
东方电缆,603606,2018-02-27,4.74,4.78,4.78,4.68,4556,4638325.0,2.11,1.06,0.05,0.15
东方电缆,603606,2018-02-28,4.79,4.75,4.83,4.69,4390,4492793.0,2.93,-0.63,-0.03,0.14
东方电缆,603606,2018-03-01,4.71,4.9,4.93,4.71,11057,11516116.0,4.63,3.16,0.15,0.36
东方电缆,603606,2018-03-02,4.85,4.85,4.99,4.79,14018,14679423.0,4.08,-1.02,-0.05,0.45
东方电缆,603606,2018-03-05,4.85,4.89,4.89,4.77,3597,3715405.0,2.47,0.82,0.04,0.12
东方电缆,603606,2018-03-06,4.89,4.9,4.94,4.85,3256,3406616.0,1.84,0.2,0.01,0.1
东方电缆,603606,2018-03-07,4.92,4.77,4.92,4.62,6767,6953208.0,6.12,-2.65,-0.13,0.22
东方电缆,603606,2018-03-08,4.71,4.83,4.85,4.71,4931,5074821.0,2.94,1.26,0.06,0.16
东方电缆,603606,2018-03-09,4.83,4.89,4.91,4.82,5212,5439858.0,1.86,1.24,0.06,0.17
东方电缆,603606,2018-03-12,4.91,5.02,5.02,4.91,6655,7070531.0,2.25,2.66,0.13,0.21
东方电缆,603606,2018-03-13,5.03,4.96,5.03,4.95,4038,4294435.0,1.59,-1.2,-0.06,0.13
东方电缆,603606,2018-03-14,5.02,4.93,5.02,4.91,3671,3882864.0,2.22,-0.6,-0.03,0.12
东方电缆,603606,2018-03-15,4.93,4.88,5.02,4.87,4155,4359399.0,3.04,-1.01,-0.05,0.13
东方电缆,603606,2018-03-16,4.87,4.94,5.0,4.86,4969,5255761.0,2.87,1.23,0.06,0.16
东方电缆,603606,2018-03-19,4.89,4.9,5.0,4.85,3776,3959182.0,3.04,-0.81,-0.04,0.12
东方电缆,603606,2018-03-20,4.76,4.83,4.9,4.76,4168,4312187.0,2.86,-1.43,-0.07,0.13
东方电缆,603606,2018-03-21,5.0,4.85,5.0,4.79,5764,6032844.0,4.35,0.41,0.02,0.19
东方电缆,603606,2018-03-22,4.93,4.86,4.93,4.81,4104,4276998.0,2.47,0.21,0.01,0.13
东方电缆,603606,2018-03-23,4.8,4.56,4.8,4.45,8831,8833907.0,7.2,-6.17,-0.3,0.28
东方电缆,603606,2018-03-26,4.55,4.79,4.84,4.41,10727,10655026.0,9.43,5.04,0.23,0.34
东方电缆,603606,2018-03-27,5.07,4.87,5.22,4.69,30877,32868038.0,11.06,1.67,0.08,0.99
东方电缆,603606,2018-03-28,4.56,4.69,4.78,4.55,12616,12727120.0,4.72,-3.7,-0.18,0.41
东方电缆,603606,2018-03-29,4.65,4.71,4.75,4.65,7189,7308230.0,2.13,0.43,0.02,0.23
东方电缆,603606,2018-03-30,4.77,4.7,4.77,4.69,7667,7796704.0,1.7,-0.21,-0.01,0.25
东方电缆,603606,2018-04-02,4.71,4.78,4.82,4.7,9701,9898231.0,2.55,1.7,0.08,0.31
东方电缆,603606,2018-04-03,4.68,4.69,4.73,4.62,6321,6404454.0,2.3,-1.88,-0.09,0.2
东方电缆,603606,2018-04-04,4.77,4.68,4.77,4.66,3821,3867605.0,2.35,-0.21,-0.01,0.12
东方电缆,603606,2018-04-09,4.67,4.67,4.71,4.57,4690,4697688.0,2.99,-0.21,-0.01,0.15
东方电缆,603606,2018-04-10,4.65,4.67,4.71,4.61,3656,3669554.0,2.14,0.0,0.0,0.12
东方电缆,603606,2018-04-11,4.67,4.68,4.71,4.65,3760,3792521.0,1.28,0.21,0.01,0.12
东方电缆,603606,2018-04-12,4.68,4.66,4.7,4.62,3647,3677649.0,1.71,-0.43,-0.02,0.12
东方电缆,603606,2018-04-13,4.71,4.65,4.71,4.63,3600,3615649.0,1.72,-0.21,-0.01,0.12
东方电缆,603606,2018-04-16,4.65,4.62,4.66,4.6,4897,4905371.0,1.29,-0.65,-0.03,0.16
东方电缆,603606,2018-04-17,4.64,4.58,4.7,4.55,9303,9280137.0,3.25,-0.87,-0.04,0.3
东方电缆,603606,2018-04-18,4.67,4.63,4.71,4.57,6155,6180288.0,3.06,1.09,0.05,0.2
东方电缆,603606,2018-04-19,4.65,4.62,4.65,4.59,4374,4377679.0,1.3,-0.22,-0.01,0.14
东方电缆,603606,2018-04-20,4.62,4.59,4.68,4.57,4955,4947666.0,2.38,-0.65,-0.03,0.16
东方电缆,603606,2018-04-23,4.62,4.59,4.63,4.55,5633,5594451.0,1.74,0.0,0.0,0.18
东方电缆,603606,2018-04-24,4.58,4.65,4.66,4.51,7611,7610472.0,3.27,1.31,0.06,0.24
东方电缆,603606,2018-04-25,4.73,4.76,4.79,4.69,12774,13065317.0,2.15,2.37,0.11,0.41
东方电缆,603606,2018-04-26,4.73,4.62,4.75,4.62,5566,5606459.0,2.73,-2.94,-0.14,0.18
东方电缆,603606,2018-04-27,4.69,4.63,4.69,4.62,4700,4717543.0,1.52,0.22,0.01,0.15
东方电缆,603606,2018-05-02,4.62,4.79,4.91,4.62,12229,12558953.0,6.26,3.46,0.16,0.39
东方电缆,603606,2018-05-03,4.8,4.79,4.85,4.71,7587,7793692.0,2.92,0.0,0.0,0.24
东方电缆,603606,2018-05-04,4.82,4.77,4.82,4.73,3534,3625297.0,1.88,-0.42,-0.02,0.11
东方电缆,603606,2018-05-07,4.75,4.79,4.82,4.75,7704,7937102.0,1.47,0.42,0.02,0.25
东方电缆,603606,2018-05-08,4.82,4.82,4.89,4.77,5978,6171312.0,2.51,0.63,0.03,0.19
东方电缆,603606,2018-05-09,4.82,4.77,4.82,4.75,5392,5530813.0,1.45,-1.04,-0.05,0.17
东方电缆,603606,2018-05-10,4.77,4.83,4.84,4.77,6941,7164872.0,1.47,1.26,0.06,0.22
东方电缆,603606,2018-05-11,4.8,4.8,4.85,4.78,5965,6166737.0,1.45,-0.62,-0.03,0.19
东方电缆,603606,2018-05-14,4.63,4.78,4.85,4.63,4497,4624824.0,4.58,-0.42,-0.02,0.14
东方电缆,603606,2018-05-15,4.78,4.82,4.85,4.77,4259,4389427.0,1.67,0.84,0.04,0.14
东方电缆,603606,2018-05-16,4.79,4.85,4.85,4.79,5982,6196147.0,1.24,0.62,0.03,0.19
东方电缆,603606,2018-05-17,4.84,4.85,4.87,4.8,6205,6442256.0,1.44,0.0,0.0,0.2
东方电缆,603606,2018-05-18,4.85,4.89,4.94,4.81,8285,8652921.0,2.68,0.82,0.04,0.27
东方电缆,603606,2018-05-21,4.89,4.92,4.93,4.88,12401,13000659.0,1.02,0.61,0.03,0.4
东方电缆,603606,2018-05-22,4.94,5.16,5.18,4.9,30047,32463340.0,5.69,4.88,0.24,0.97
东方电缆,603606,2018-05-23,5.11,5.04,5.11,5.0,14227,15287778.0,2.13,-2.33,-0.12,0.46
东方电缆,603606,2018-05-24,5.04,5.19,5.36,5.04,33223,36759714.0,6.35,2.98,0.15,1.07
东方电缆,603606,2018-05-25,5.14,5.25,5.31,5.09,20190,22299860.0,4.24,1.16,0.06,0.65
东方电缆,603606,2018-05-28,5.34,5.19,5.36,5.1,12839,14190921.0,4.95,-1.14,-0.06,0.41
东方电缆,603606,2018-05-29,5.19,5.23,5.33,5.19,11032,9041548.0,2.7,0.77,0.04,0.26
东方电缆,603606,2018-05-30,5.16,4.77,5.16,4.61,15285,11802074.0,10.52,-8.8,-0.46,0.36
东方电缆,603606,2018-05-31,4.84,5.13,5.36,4.84,29380,23840839.0,10.9,7.55,0.36,0.7
东方电缆,603606,2018-06-01,5.02,4.94,5.07,4.91,17553,13695109.0,3.12,-3.7,-0.19,0.42
东方电缆,603606,2018-06-04,4.96,4.94,5.04,4.85,7939,6205289.0,3.85,0.0,0.0,0.19
东方电缆,603606,2018-06-05,4.94,5.01,5.07,4.94,7900,6202013.0,2.63,1.42,0.07,0.19
东方电缆,603606,2018-06-06,5.05,5.17,5.26,5.01,15323,12329297.0,4.99,3.19,0.16,0.36
东方电缆,603606,2018-06-07,5.19,5.1,5.2,5.06,8965,7157325.0,2.71,-1.35,-0.07,0.21
东方电缆,603606,2018-06-08,5.07,5.09,5.11,5.01,6370,5049385.0,1.96,-0.2,-0.01,0.15
东方电缆,603606,2018-06-11,5.15,5.06,5.17,5.04,6181,4932105.0,2.55,-0.59,-0.03,0.15
东方电缆,603606,2018-06-12,5.1,5.08,5.11,5.04,5102,4049126.0,1.38,0.4,0.02,0.12
东方电缆,603606,2018-06-13,5.08,4.98,5.11,4.94,12348,9765430.0,3.35,-1.97,-0.1,0.29
东方电缆,603606,2018-06-14,4.94,5.01,5.05,4.92,6584,5147982.0,2.61,0.6,0.03,0.16
东方电缆,603606,2018-06-15,4.97,4.95,5.03,4.91,6742,5267571.0,2.4,-1.2,-0.06,0.16
东方电缆,603606,2018-06-19,4.81,4.66,4.91,4.45,12805,9551567.0,9.29,-5.86,-0.29,0.31
东方电缆,603606,2018-06-20,4.66,4.59,4.79,4.5,12138,8905223.0,6.22,-1.5,-0.07,0.29
东方电缆,603606,2018-06-21,4.61,4.51,4.7,4.5,7608,5578394.0,4.36,-1.74,-0.08,0.18
东方电缆,603606,2018-06-22,4.5,4.61,4.69,4.5,5147,3769460.0,4.21,2.22,0.1,0.12
东方电缆,603606,2018-06-25,4.71,4.68,4.77,4.61,7995,5982892.0,3.47,1.52,0.07,0.19
东方电缆,603606,2018-06-26,4.75,4.68,4.75,4.61,5009,3735502.0,2.99,0.0,0.0,0.12
东方电缆,603606,2018-06-27,4.77,4.64,4.77,4.62,5879,4360772.0,3.21,-0.85,-0.04,0.14
东方电缆,603606,2018-06-28,4.64,4.58,4.7,4.57,3063,2259603.0,2.8,-1.29,-0.06,0.07
东方电缆,603606,2018-06-29,4.61,4.68,4.71,4.59,4169,3096738.0,2.62,2.18,0.1,0.1
东方电缆,603606,2018-07-02,4.71,4.88,5.24,4.71,18693,14524570.0,11.32,4.27,0.2,0.45
东方电缆,603606,2018-07-03,4.76,5.04,5.06,4.76,17763,13846964.0,6.15,3.28,0.16,0.42
东方电缆,603606,2018-07-04,4.97,4.97,5.09,4.92,8907,6988482.0,3.37,-1.39,-0.07,0.21
东方电缆,603606,2018-07-05,5.11,4.94,5.19,4.92,16154,12774331.0,5.43,-0.6,-0.03,0.38
东方电缆,603606,2018-07-06,4.81,4.87,4.97,4.78,11637,8960639.0,3.85,-1.42,-0.07,0.28
东方电缆,603606,2018-07-09,4.87,4.94,4.99,4.82,6174,4781183.0,3.49,1.44,0.07,0.15
东方电缆,603606,2018-07-10,4.94,5.04,5.09,4.94,11771,9298176.0,3.04,2.02,0.1,0.28
东方电缆,603606,2018-07-11,5.04,4.95,5.04,4.89,7699,6016213.0,2.98,-1.79,-0.09,0.18
东方电缆,603606,2018-07-12,4.95,5.17,5.24,4.95,17794,14273840.0,5.86,4.44,0.22,0.42
东方电缆,603606,2018-07-13,5.18,5.11,5.18,5.08,6959,5571638.0,1.93,-1.16,-0.06,0.17
东方电缆,603606,2018-07-16,5.11,5.08,5.11,5.0,9012,7133881.0,2.15,-0.59,-0.03,0.21
东方电缆,603606,2018-07-17,5.07,5.1,5.14,5.04,6667,5314824.0,1.97,0.39,0.02,0.16
东方电缆,603606,2018-07-18,5.1,5.09,5.19,5.06,13274,10636477.0,2.55,-0.2,-0.01,0.32
东方电缆,603606,2018-07-19,5.11,5.34,5.52,5.11,41041,34155686.0,8.06,4.91,0.25,0.98
东方电缆,603606,2018-07-20,5.37,5.72,5.9,5.3,73166,63433157.0,11.24,7.12,0.38,1.74
东方电缆,603606,2018-07-23,5.73,5.8,5.9,5.65,49050,43484039.0,4.37,1.4,0.08,1.17
东方电缆,603606,2018-07-24,5.73,5.82,5.83,5.59,44519,39229667.0,4.14,0.34,0.02,1.06
东方电缆,603606,2018-07-25,5.79,5.75,5.81,5.71,25896,22895711.0,1.72,-1.2,-0.07,0.62
东方电缆,603606,2018-07-26,5.71,5.77,5.8,5.68,20639,18152488.0,2.09,0.35,0.02,0.49
东方电缆,603606,2018-07-27,5.77,5.77,5.82,5.7,23921,21223762.0,2.08,0.0,0.0,0.57
东方电缆,603606,2018-07-30,5.77,5.91,6.04,5.74,40246,36399360.0,5.2,2.43,0.14,0.96
东方电缆,603606,2018-07-31,5.91,5.81,5.94,5.77,19973,17908736.0,2.88,-1.69,-0.1,0.48
东方电缆,603606,2018-08-01,5.83,5.77,5.91,5.77,16497,14727325.0,2.41,-0.69,-0.04,0.39
东方电缆,603606,2018-08-02,5.74,5.62,5.74,5.43,31464,27114143.0,5.37,-2.6,-0.15,0.75
东方电缆,603606,2018-08-03,5.67,5.8,5.88,5.63,21961,19491880.0,4.45,3.2,0.18,0.52
东方电缆,603606,2018-08-06,5.8,5.63,5.93,5.61,21447,18862504.0,5.52,-2.93,-0.17,0.51
东方电缆,603606,2018-08-07,5.64,5.77,5.77,5.56,15402,13440099.0,3.73,2.49,0.14,0.37
东方电缆,603606,2018-08-08,5.76,5.84,5.99,5.7,28605,25775209.0,5.03,1.21,0.07,0.68
东方电缆,603606,2018-08-09,5.74,5.93,6.03,5.74,25645,23255389.0,4.97,1.54,0.09,0.61
东方电缆,603606,2018-08-10,5.99,5.78,5.99,5.74,22521,20069710.0,4.22,-2.53,-0.15,0.54
东方电缆,603606,2018-08-13,5.73,5.87,5.88,5.69,13632,12118787.0,3.29,1.56,0.09,0.32
东方电缆,603606,2018-08-14,5.83,5.89,5.92,5.77,11589,10372390.0,2.56,0.34,0.02,0.28
东方电缆,603606,2018-08-15,5.88,5.91,6.0,5.81,22771,20591987.0,3.23,0.34,0.02,0.54
东方电缆,603606,2018-08-16,5.91,5.86,5.91,5.71,17217,15316478.0,3.38,-0.85,-0.05,0.41
东方电缆,603606,2018-08-17,6.02,5.49,6.02,5.44,29685,25910541.0,9.9,-6.31,-0.37,0.71
东方电缆,603606,2018-08-20,5.49,5.41,5.56,5.3,15586,13012286.0,4.74,-1.46,-0.08,0.37
东方电缆,603606,2018-08-21,5.41,5.41,5.47,5.36,10430,8748847.0,2.03,0.0,0.0,0.25
东方电缆,603606,2018-08-22,5.41,5.44,5.52,5.36,11751,9910513.0,2.96,0.55,0.03,0.28
东方电缆,603606,2018-08-23,5.45,5.51,5.61,5.44,11307,9680764.0,3.13,1.29,0.07,0.27
东方电缆,603606,2018-08-24,5.51,5.57,5.62,5.46,8891,7615847.0,2.9,1.09,0.06,0.21
东方电缆,603606,2018-08-27,5.65,5.59,5.65,5.54,9736,8373937.0,1.97,0.36,0.02,0.23
东方电缆,603606,2018-08-28,5.64,5.54,5.64,5.52,6787,5819852.0,2.15,-0.89,-0.05,0.16
东方电缆,603606,2018-08-29,5.57,5.61,5.65,5.42,12504,10703482.0,4.15,1.26,0.07,0.3
东方电缆,603606,2018-08-30,5.54,5.96,6.01,5.51,48962,43977714.0,8.91,6.24,0.35,1.17
东方电缆,603606,2018-08-31,5.88,5.85,5.93,5.74,23703,21159726.0,3.19,-1.85,-0.11,0.56
东方电缆,603606,2018-09-03,5.83,5.86,5.87,5.68,18927,16771432.0,3.25,0.17,0.01,0.45
东方电缆,603606,2018-09-04,5.87,5.93,6.01,5.8,23762,21561517.0,3.58,1.19,0.07,0.57
东方电缆,603606,2018-09-05,5.9,5.97,6.17,5.85,37664,34585335.0,5.4,0.67,0.04,0.9
东方电缆,603606,2018-09-06,5.9,5.89,5.96,5.8,18054,16217919.0,2.68,-1.34,-0.08,0.43
东方电缆,603606,2018-09-07,5.89,5.84,5.94,5.81,11839,10659062.0,2.21,-0.85,-0.05,0.28
东方电缆,603606,2018-09-10,5.84,5.74,5.91,5.73,7609,6759921.0,3.08,-1.71,-0.1,0.18
东方电缆,603606,2018-09-11,5.82,6.0,6.0,5.76,15296,13760727.0,4.18,4.53,0.26,0.36
东方电缆,603606,2018-09-12,6.0,6.0,6.15,5.94,36396,33663015.0,3.5,0.0,0.0,0.87
东方电缆,603606,2018-09-13,6.01,6.07,6.14,5.92,24127,22231396.0,3.67,1.17,0.07,0.57
东方电缆,603606,2018-09-14,6.11,5.87,6.11,5.85,21241,19383848.0,4.28,-3.29,-0.2,0.51
东方电缆,603606,2018-09-17,5.87,5.87,5.96,5.82,10612,9562598.0,2.39,0.0,0.0,0.25
东方电缆,603606,2018-09-18,5.94,5.99,6.0,5.79,12532,11296465.0,3.58,2.04,0.12,0.3
东方电缆,603606,2018-09-19,6.01,6.01,6.04,5.91,15564,14197893.0,2.17,0.33,0.02,0.37
东方电缆,603606,2018-09-20,6.01,5.81,6.01,5.79,13484,12121262.0,3.66,-3.33,-0.2,0.32
东方电缆,603606,2018-09-21,5.82,5.81,5.86,5.71,17973,15930171.0,2.58,0.0,0.0,0.43
东方电缆,603606,2018-09-25,5.84,5.72,5.84,5.72,11970,10601833.0,2.07,-1.55,-0.09,0.29
东方电缆,603606,2018-09-26,5.71,5.88,5.9,5.67,20203,18018867.0,4.02,2.8,0.16,0.48
东方电缆,603606,2018-09-27,5.88,5.94,6.1,5.8,28076,25458759.0,5.1,1.02,0.06,0.67
东方电缆,603606,2018-09-28,5.94,6.03,6.14,5.9,32822,30289497.0,4.04,1.52,0.09,0.78
东方电缆,603606,2018-10-08,5.96,6.23,6.65,5.92,74531,70868214.0,12.11,3.32,0.2,1.78
东方电缆,603606,2018-10-09,6.37,6.31,6.37,6.17,44506,42297684.0,3.21,1.28,0.08,1.06
东方电缆,603606,2018-10-10,6.31,6.37,6.37,6.14,40502,38416014.0,3.65,0.95,0.06,0.96
东方电缆,603606,2018-10-11,6.14,6.11,6.62,5.88,82632,78775713.0,11.62,-4.08,-0.26,1.97
东方电缆,603606,2018-10-12,6.05,6.27,6.36,5.81,70507,65680426.0,9.0,2.62,0.16,1.68
东方电缆,603606,2018-10-15,6.31,6.34,6.54,6.29,63441,61449935.0,3.99,1.12,0.07,1.51
东方电缆,603606,2018-10-16,6.27,6.04,6.4,6.03,45879,43105250.0,5.84,-4.73,-0.3,1.09
东方电缆,603606,2018-10-17,6.06,5.33,6.17,5.33,91597,77858222.0,13.91,-11.75,-0.71,2.18
东方电缆,603606,2018-10-18,5.11,4.92,5.11,4.84,43698,34189157.0,5.07,-7.69,-0.41,1.04
东方电缆,603606,2018-10-19,4.87,5.23,5.24,4.75,29083,23030514.0,9.96,6.3,0.31,0.69
东方电缆,603606,2018-10-22,5.38,5.55,5.71,5.29,46771,40125961.0,8.03,6.12,0.32,1.11
东方电缆,603606,2018-10-23,5.61,5.5,5.74,5.47,36594,31617958.0,4.86,-0.9,-0.05,0.87
东方电缆,603606,2018-10-24,5.47,5.47,5.62,5.38,20506,17509340.0,4.36,-0.55,-0.03,0.49
东方电缆,603606,2018-10-25,5.35,5.45,5.5,5.25,20514,17137506.0,4.57,-0.37,-0.02,0.49
东方电缆,603606,2018-10-26,5.5,5.32,5.57,5.31,19793,16561294.0,4.77,-2.39,-0.13,0.47
东方电缆,603606,2018-10-29,5.27,5.37,5.44,5.27,13369,11132539.0,3.2,0.94,0.05,0.32
东方电缆,603606,2018-10-30,5.33,5.32,5.43,5.15,15465,12765923.0,5.21,-0.93,-0.05,0.37
东方电缆,603606,2018-10-31,5.24,5.4,5.44,5.24,24410,20352178.0,3.76,1.5,0.08,0.58
东方电缆,603606,2018-11-01,5.4,5.42,5.55,5.4,17894,15182208.0,2.78,0.37,0.02,0.43
东方电缆,603606,2018-11-02,5.54,5.54,5.59,5.46,22990,19627086.0,2.4,2.21,0.12,0.55
东方电缆,603606,2018-11-05,5.55,5.68,5.77,5.5,22084,19234576.0,4.87,2.53,0.14,0.53
东方电缆,603606,2018-11-06,5.68,5.84,5.84,5.66,28402,25062190.0,3.17,2.82,0.16,0.68
东方电缆,603606,2018-11-07,5.84,5.69,5.87,5.68,23106,20383628.0,3.25,-2.57,-0.15,0.55
东方电缆,603606,2018-11-08,5.77,5.6,5.79,5.57,16447,14374088.0,3.87,-1.58,-0.09,0.39
东方电缆,603606,2018-11-09,5.56,5.64,5.77,5.56,16510,14435336.0,3.75,0.71,0.04,0.39
东方电缆,603606,2018-11-12,5.63,5.81,5.84,5.57,24419,21555664.0,4.79,3.01,0.17,0.58
东方电缆,603606,2018-11-13,5.76,5.91,5.99,5.74,35231,31829363.0,4.3,1.72,0.1,0.84
东方电缆,603606,2018-11-14,5.89,5.84,6.02,5.81,19794,17821975.0,3.55,-1.18,-0.07,0.47
东方电缆,603606,2018-11-15,5.82,5.89,5.91,5.78,20138,18036633.0,2.23,0.86,0.05,0.48
东方电缆,603606,2018-11-16,5.89,5.9,5.94,5.78,17399,15613495.0,2.72,0.17,0.01,0.41
东方电缆,603606,2018-11-19,5.94,5.75,5.94,5.74,27270,24259702.0,3.39,-2.54,-0.15,0.65
东方电缆,603606,2018-11-20,5.71,5.76,5.9,5.71,28597,25505158.0,3.3,0.17,0.01,0.68
东方电缆,603606,2018-11-21,5.69,5.72,5.8,5.58,17697,15446276.0,3.82,-0.69,-0.04,0.42
东方电缆,603606,2018-11-22,5.73,5.67,5.79,5.62,10735,9395879.0,2.97,-0.87,-0.05,0.26
东方电缆,603606,2018-11-23,5.67,5.42,5.8,5.35,24028,20432369.0,7.94,-4.41,-0.25,0.57
东方电缆,603606,2018-11-26,5.42,5.4,5.53,5.38,15729,13273093.0,2.77,-0.37,-0.02,0.37
东方电缆,603606,2018-11-27,5.46,5.47,5.61,5.44,20748,17669692.0,3.15,1.3,0.07,0.49
东方电缆,603606,2018-11-28,5.51,5.59,5.64,5.42,18603,15960508.0,4.02,2.19,0.12,0.44
东方电缆,603606,2018-11-29,5.64,5.44,5.67,5.42,21296,18250864.0,4.47,-2.68,-0.15,0.51
东方电缆,603606,2018-11-30,5.44,5.42,5.5,5.31,16925,14187531.0,3.49,-0.37,-0.02,0.4
东方电缆,603606,2018-12-03,5.57,5.83,5.85,5.57,45455,40143205.0,5.17,7.56,0.41,1.08
东方电缆,603606,2018-12-04,5.83,5.91,6.0,5.76,33023,29582549.0,4.12,1.37,0.08,0.79
东方电缆,603606,2018-12-05,5.84,5.88,5.93,5.78,25925,23331146.0,2.54,-0.51,-0.03,0.62
东方电缆,603606,2018-12-06,5.94,5.8,5.98,5.74,29821,26649172.0,4.08,-1.36,-0.08,0.71
东方电缆,603606,2018-12-07,5.81,5.8,5.84,5.72,12912,11452609.0,2.07,0.0,0.0,0.31
东方电缆,603606,2018-12-10,5.77,5.79,5.86,5.69,14560,12841522.0,2.93,-0.17,-0.01,0.35
东方电缆,603606,2018-12-11,5.81,5.81,5.91,5.79,18840,16862704.0,2.07,0.35,0.02,0.45
东方电缆,603606,2018-12-12,5.96,5.81,5.96,5.79,13996,12511546.0,2.93,0.0,0.0,0.33
东方电缆,603606,2018-12-13,5.78,5.85,5.86,5.68,25971,23041891.0,3.1,0.69,0.04,0.62
东方电缆,603606,2018-12-14,5.8,5.51,5.85,5.5,23808,20692406.0,5.98,-5.81,-0.34,0.57
东方电缆,603606,2018-12-17,5.32,5.66,5.71,5.32,22927,19733749.0,7.08,2.72,0.15,0.55
东方电缆,603606,2018-12-18,5.65,5.66,5.74,5.53,19352,16791943.0,3.71,0.0,0.0,0.39
东方电缆,603606,2018-12-19,5.66,5.4,5.71,5.36,18778,15980225.0,6.18,-4.59,-0.26,0.38
东方电缆,603606,2018-12-20,5.45,5.71,5.71,5.41,25307,21686270.0,5.56,5.74,0.31,0.51
东方电缆,603606,2018-12-21,5.6,5.44,5.66,5.44,21817,18647037.0,3.85,-4.73,-0.27,0.44
东方电缆,603606,2018-12-24,5.47,5.78,5.92,5.44,41853,36928796.0,8.82,6.25,0.34,0.85
东方电缆,603606,2018-12-25,5.74,5.79,5.86,5.61,33551,29648297.0,4.33,0.17,0.01,0.68
东方电缆,603606,2018-12-26,5.57,5.95,5.97,5.57,52555,47461068.0,6.91,2.76,0.16,1.07
东方电缆,603606,2018-12-27,6.0,5.81,6.04,5.79,35487,31857991.0,4.2,-2.35,-0.14,0.72
东方电缆,603606,2018-12-28,5.87,5.83,5.91,5.78,18841,16833313.0,2.24,0.34,0.02,0.38
东方电缆,603606,2019-01-02,5.84,5.97,5.97,5.77,37674,33861948.0,3.43,2.4,0.14,0.77
东方电缆,603606,2019-01-03,5.97,5.83,5.99,5.77,36977,33066495.0,3.69,-2.35,-0.14,0.75
东方电缆,603606,2019-01-04,5.74,6.17,6.25,5.69,117851,108867480.0,9.61,5.83,0.34,2.4
东方电缆,603606,2019-01-07,6.19,6.37,6.48,6.1,126150,120127053.0,6.16,3.24,0.2,2.57
东方电缆,603606,2019-01-08,6.3,6.24,6.37,6.13,64457,60962167.0,3.77,-2.04,-0.13,1.31
东方电缆,603606,2019-01-09,6.24,6.2,6.38,6.16,54036,51346801.0,3.53,-0.64,-0.04,1.1
东方电缆,603606,2019-01-10,6.23,6.19,6.33,6.14,40589,38463026.0,3.06,-0.16,-0.01,0.83
东方电缆,603606,2019-01-11,6.15,6.26,6.27,6.14,36414,34356660.0,2.1,1.13,0.07,0.74
东方电缆,603606,2019-01-14,6.22,6.1,6.26,6.01,42180,39133905.0,3.99,-2.56,-0.16,0.86
东方电缆,603606,2019-01-15,6.12,6.18,6.2,6.07,27430,25642689.0,2.13,1.31,0.08,0.56
东方电缆,603606,2019-01-16,6.19,6.09,6.27,6.0,33117,30740468.0,4.37,-1.46,-0.09,0.67
东方电缆,603606,2019-01-17,6.14,6.11,6.18,6.07,24090,22462530.0,1.81,0.33,0.02,0.49
东方电缆,603606,2019-01-18,6.07,6.1,6.14,6.01,25244,23331380.0,2.13,-0.16,-0.01,0.51
东方电缆,603606,2019-01-21,6.15,6.28,6.33,6.13,41854,39690801.0,3.28,2.95,0.18,0.85
东方电缆,603606,2019-01-22,6.29,6.09,6.29,6.08,26273,24642901.0,3.34,-3.03,-0.19,0.53
东方电缆,603606,2019-01-23,6.24,6.52,6.54,6.17,109919,106395141.0,6.08,7.06,0.43,2.24
东方电缆,603606,2019-01-24,6.46,6.47,6.61,6.39,83049,81065370.0,3.37,-0.77,-0.05,1.69
东方电缆,603606,2019-01-25,6.48,6.6,6.64,6.41,91776,90508328.0,3.55,2.01,0.13,1.87
东方电缆,603606,2019-01-28,6.64,6.45,6.78,6.41,70379,69874841.0,5.61,-2.27,-0.15,1.43
东方电缆,603606,2019-01-29,6.45,6.55,6.58,6.25,57695,56097876.0,5.12,1.55,0.1,1.17
东方电缆,603606,2019-01-30,6.52,6.41,6.53,6.34,35667,34685208.0,2.9,-2.14,-0.14,0.73
东方电缆,603606,2019-01-31,6.41,6.53,6.58,6.37,39676,38770048.0,3.28,1.87,0.12,0.81
东方电缆,603606,2019-02-01,6.5,6.78,6.81,6.47,77549,78165944.0,5.21,3.83,0.25,1.58
东方电缆,603606,2019-02-11,6.84,7.04,7.1,6.79,81869,85431535.0,4.57,3.83,0.26,1.67
东方电缆,603606,2019-02-12,6.97,6.94,7.04,6.87,70005,72608132.0,2.41,-1.42,-0.1,1.42
东方电缆,603606,2019-02-13,6.92,6.97,6.98,6.84,90176,93198805.0,2.02,0.43,0.03,1.84
东方电缆,603606,2019-02-14,7.01,6.82,7.01,6.78,82913,85093501.0,3.3,-2.15,-0.15,1.69
东方电缆,603606,2019-02-15,6.81,6.84,6.9,6.78,56440,57778321.0,1.76,0.29,0.02,1.15
东方电缆,603606,2019-02-18,6.85,6.98,7.05,6.8,119986,124441853.0,3.65,2.05,0.14,2.44
东方电缆,603606,2019-02-19,7.02,6.77,7.02,6.7,103314,105724825.0,4.58,-3.01,-0.21,2.1
东方电缆,603606,2019-02-20,6.67,6.88,6.93,6.67,80645,82423275.0,3.84,1.62,0.11,1.64
东方电缆,603606,2019-02-21,6.87,6.98,7.39,6.79,148256,155621924.0,8.72,1.45,0.1,3.02
东方电缆,603606,2019-02-22,6.96,7.11,7.21,6.77,117042,122307961.0,6.3,1.86,0.13,2.38
东方电缆,603606,2019-02-25,7.17,7.36,7.38,7.02,145587,156767296.0,5.06,3.52,0.25,2.96
东方电缆,603606,2019-02-26,7.38,7.09,7.38,7.05,125475,133896830.0,4.48,-3.67,-0.27,2.55
东方电缆,603606,2019-02-27,7.06,6.97,7.09,6.92,86653,90531092.0,2.4,-1.69,-0.12,1.76
东方电缆,603606,2019-02-28,6.99,7.04,7.08,6.95,50242,52623545.0,1.87,1.0,0.07,1.02
东方电缆,603606,2019-03-01,7.11,6.99,7.11,6.92,47026,48978114.0,2.7,-0.71,-0.05,0.96
东方电缆,603606,2019-03-04,7.04,7.0,7.15,6.97,118029,124422998.0,2.58,0.14,0.01,2.4
东方电缆,603606,2019-03-05,7.0,7.31,7.31,6.94,120926,129229014.0,5.29,4.43,0.31,2.46
东方电缆,603606,2019-03-06,7.28,7.2,7.37,7.08,98305,105208816.0,3.97,-1.5,-0.11,2.0
东方电缆,603606,2019-03-07,7.17,7.17,7.28,7.08,90683,96819892.0,2.78,-0.42,-0.03,1.85
东方电缆,603606,2019-03-08,7.04,6.69,7.08,6.61,115766,119361645.0,6.56,-6.69,-0.48,2.36
东方电缆,603606,2019-03-11,6.77,7.07,7.07,6.73,74798,77494071.0,5.08,5.68,0.38,1.52
东方电缆,603606,2019-03-12,7.18,7.1,7.29,7.0,83324,88646782.0,4.1,0.42,0.03,1.7
东方电缆,603606,2019-03-13,7.14,7.41,7.67,7.14,159211,174900074.0,7.46,4.37,0.31,3.24
东方电缆,603606,2019-03-14,7.37,7.03,7.47,6.99,93602,99895175.0,6.48,-5.13,-0.38,1.9
东方电缆,603606,2019-03-15,7.12,7.37,7.39,7.1,80671,87070329.0,4.13,4.84,0.34,1.64
东方电缆,603606,2019-03-18,7.5,7.77,7.79,7.43,110691,125522771.0,4.88,5.43,0.4,2.25
东方电缆,603606,2019-03-19,7.96,7.76,7.97,7.53,105256,119001828.0,5.66,-0.13,-0.01,2.14
东方电缆,603606,2019-03-20,7.76,7.83,8.08,7.64,110920,128144129.0,5.67,0.9,0.07,2.26
东方电缆,603606,2019-03-21,7.87,7.86,8.01,7.77,72545,84022285.0,3.07,0.38,0.03,1.48
东方电缆,603606,2019-03-22,7.87,8.27,8.34,7.83,127190,151726581.0,6.49,5.22,0.41,2.59
东方电缆,603606,2019-03-25,8.17,8.11,8.31,8.0,74922,89356433.0,3.75,-1.93,-0.16,1.52
东方电缆,603606,2019-03-26,8.1,7.71,8.15,7.66,77203,89169002.0,6.04,-4.93,-0.4,1.57
东方电缆,603606,2019-03-27,7.71,7.68,7.81,7.56,46475,52771283.0,3.24,-0.39,-0.03,0.95
东方电缆,603606,2019-03-28,7.75,7.69,7.94,7.68,51471,59275825.0,3.39,0.13,0.01,1.05
东方电缆,603606,2019-03-29,7.76,7.93,7.97,7.61,63626,73335066.0,4.68,3.12,0.24,1.29
东方电缆,603606,2019-04-01,8.08,8.27,8.4,8.0,94856,114181087.0,5.04,4.29,0.34,1.93
东方电缆,603606,2019-04-02,8.37,8.21,8.37,8.15,55693,67137165.0,2.66,-0.73,-0.06,1.13
东方电缆,603606,2019-04-03,8.2,8.22,8.29,8.1,47641,57227604.0,2.31,0.12,0.01,0.97
东方电缆,603606,2019-04-04,8.23,8.22,8.31,8.04,60088,71906316.0,3.28,0.0,0.0,1.22
东方电缆,603606,2019-04-08,8.26,8.18,8.31,7.97,57829,69049155.0,4.14,-0.49,-0.04,1.18
东方电缆,603606,2019-04-09,8.11,8.28,8.34,8.03,65664,79056847.0,3.79,1.22,0.1,1.34
东方电缆,603606,2019-04-10,8.41,8.64,8.91,8.25,138845,173399322.0,7.97,4.35,0.36,2.83
东方电缆,603606,2019-04-11,8.64,8.25,8.87,8.23,82763,102411377.0,7.41,-4.51,-0.39,1.68
东方电缆,603606,2019-04-12,8.28,8.11,8.6,8.04,118670,144124429.0,6.79,-1.7,-0.14,2.41
东方电缆,603606,2019-04-15,8.2,9.02,9.02,8.19,210290,270358160.0,10.23,11.22,0.91,4.28
东方电缆,603606,2019-04-16,9.01,9.31,9.47,8.59,233082,302297520.0,9.76,3.22,0.29,4.74
东方电缆,603606,2019-04-17,9.1,8.95,9.23,8.88,140423,183857585.0,3.76,-3.87,-0.36,2.86
东方电缆,603606,2019-04-18,8.88,9.41,9.44,8.72,156932,208645734.0,8.04,5.14,0.46,3.19
东方电缆,603606,2019-04-19,9.5,10.11,10.46,9.21,245288,355091344.0,13.28,7.44,0.7,4.99
东方电缆,603606,2019-04-22,10.47,9.77,10.5,9.73,250297,363034752.0,7.62,-3.36,-0.34,5.09
东方电缆,603606,2019-04-23,9.71,9.15,9.71,9.04,171152,230377148.0,6.86,-6.35,-0.62,3.48
东方电缆,603606,2019-04-24,9.26,9.29,9.47,9.11,94383,127062726.0,3.93,1.53,0.14,1.92
东方电缆,603606,2019-04-25,9.31,8.81,9.35,8.76,111505,144892895.0,6.35,-5.17,-0.48,2.27
东方电缆,603606,2019-04-26,8.83,8.69,8.91,8.47,89913,113303531.0,4.99,-1.36,-0.12,1.83
东方电缆,603606,2019-04-29,8.82,8.55,8.95,8.44,80415,101752404.0,5.87,-1.61,-0.14,1.64
东方电缆,603606,2019-04-30,8.59,8.65,8.74,8.5,51166,64432759.0,2.81,1.17,0.1,1.04
东方电缆,603606,2019-05-06,8.17,7.68,8.34,7.68,99148,115758171.0,7.63,-11.21,-0.97,2.02
东方电缆,603606,2019-05-07,7.65,7.63,7.79,7.37,83134,93237072.0,5.47,-0.65,-0.05,1.69
东方电缆,603606,2019-05-08,7.37,7.41,7.69,7.34,52420,58232075.0,4.59,-2.88,-0.22,1.07
东方电缆,603606,2019-05-09,7.28,7.34,7.6,7.28,38590,42639361.0,4.32,-0.94,-0.07,0.79
东方电缆,603606,2019-05-10,7.55,7.62,7.64,7.16,74032,82321399.0,6.54,3.81,0.28,1.51
东方电缆,603606,2019-05-13,7.46,7.38,7.62,7.32,56981,62896795.0,3.94,-3.15,-0.24,1.16
东方电缆,603606,2019-05-14,7.24,7.5,7.64,7.21,75626,84149858.0,5.83,1.63,0.12,1.54
东方电缆,603606,2019-05-15,7.61,7.61,7.67,7.5,55732,62403853.0,2.27,1.47,0.11,1.13
东方电缆,603606,2019-05-16,7.61,7.58,7.72,7.54,47033,52906305.0,2.37,-0.39,-0.03,0.96
东方电缆,603606,2019-05-17,7.57,7.03,7.61,6.92,84203,90892937.0,9.1,-7.26,-0.55,1.71
东方电缆,603606,2019-05-20,7.15,7.22,7.31,6.96,38109,40609601.0,4.98,2.7,0.19,0.78
东方电缆,603606,2019-05-21,7.16,7.26,7.34,7.15,43177,46679844.0,2.63,0.55,0.04,0.88
东方电缆,603606,2019-05-22,7.27,7.47,7.65,7.27,63656,70414844.0,5.23,2.89,0.21,1.3
东方电缆,603606,2019-05-23,7.43,7.41,7.57,7.17,70896,77396575.0,5.35,-0.8,-0.06,1.44
东方电缆,603606,2019-05-24,7.33,7.35,7.52,7.31,38516,42346667.0,2.83,-0.81,-0.06,0.78
东方电缆,603606,2019-05-27,7.41,7.77,7.77,7.41,58844,66500594.0,4.9,5.71,0.42,1.2
东方电缆,603606,2019-05-28,7.68,7.82,7.96,7.64,55595,63893017.0,4.12,0.64,0.05,1.13
东方电缆,603606,2019-05-29,7.86,7.81,8.14,7.66,59764,53164702.0,6.14,-0.13,-0.01,0.94
东方电缆,603606,2019-05-30,7.71,7.56,7.72,7.44,63628,54239196.0,3.59,-3.2,-0.25,1.0
东方电缆,603606,2019-05-31,7.57,7.74,8.07,7.57,96100,84299986.0,6.61,2.38,0.18,1.5
东方电缆,603606,2019-06-03,7.67,7.46,7.84,7.34,56540,48102097.0,6.46,-3.62,-0.28,0.89
东方电缆,603606,2019-06-04,7.47,7.44,7.71,7.34,51339,43461352.0,4.96,-0.27,-0.02,0.8
东方电缆,603606,2019-06-05,7.54,7.31,7.6,7.3,48561,40629608.0,4.03,-1.75,-0.13,0.76
东方电缆,603606,2019-06-06,7.35,7.34,7.58,7.24,61105,51192531.0,4.65,0.41,0.03,0.96
东方电缆,603606,2019-06-10,7.24,7.29,7.42,7.14,53687,44091129.0,3.81,-0.68,-0.05,0.84
东方电缆,603606,2019-06-11,7.31,7.62,7.68,7.25,71745,60747264.0,5.9,4.53,0.33,1.12
东方电缆,603606,2019-06-12,7.64,7.63,7.79,7.55,56925,48993631.0,3.15,0.13,0.01,0.89
东方电缆,603606,2019-06-13,7.55,7.59,7.68,7.54,40009,34290528.0,1.83,-0.52,-0.04,0.63
东方电缆,603606,2019-06-14,7.59,7.52,7.81,7.45,40931,35102729.0,4.74,-0.92,-0.07,0.64
东方电缆,603606,2019-06-17,7.53,7.45,7.62,7.39,30577,25720139.0,3.06,-0.93,-0.07,0.48
东方电缆,603606,2019-06-18,7.49,7.41,7.54,7.34,25796,21630629.0,2.68,-0.54,-0.04,0.4
东方电缆,603606,2019-06-19,7.62,7.57,7.71,7.57,58981,50758020.0,1.89,2.16,0.16,0.92
东方电缆,603606,2019-06-20,7.59,7.79,7.89,7.52,77364,67481293.0,4.89,2.91,0.22,1.21
东方电缆,603606,2019-06-21,7.83,7.82,7.96,7.76,56623,49973940.0,2.57,0.39,0.03,0.89
东方电缆,603606,2019-06-24,7.84,7.79,7.92,7.7,27097,23680273.0,2.81,-0.38,-0.03,0.42
东方电缆,603606,2019-06-25,7.82,7.84,7.88,7.63,40228,35136722.0,3.21,0.64,0.05,0.63
东方电缆,603606,2019-06-26,7.79,7.81,7.81,7.68,34967,30427345.0,1.66,-0.38,-0.03,0.55
东方电缆,603606,2019-06-27,7.72,7.76,7.92,7.72,48568,42650116.0,2.56,-0.64,-0.05,0.76
东方电缆,603606,2019-06-28,7.76,7.71,7.79,7.67,32175,27936027.0,1.55,-0.64,-0.05,0.5
东方电缆,603606,2019-07-01,7.89,8.04,8.04,7.75,112168,99664837.0,3.76,4.28,0.33,1.76
东方电缆,603606,2019-07-02,8.02,7.98,8.03,7.91,58650,52270399.0,1.49,-0.75,-0.06,0.92
东方电缆,603606,2019-07-03,7.94,7.79,8.0,7.75,47918,42168542.0,3.13,-2.38,-0.19,0.75
东方电缆,603606,2019-07-04,7.82,7.81,7.9,7.75,37599,33025793.0,1.93,0.26,0.02,0.59
东方电缆,603606,2019-07-05,7.78,7.77,7.84,7.72,29700,25948508.0,1.54,-0.51,-0.04,0.46
东方电缆,603606,2019-07-08,7.74,7.29,7.78,7.25,69267,58115568.0,6.82,-6.18,-0.48,1.08
东方电缆,603606,2019-07-09,7.19,7.27,7.36,7.19,31761,26157700.0,2.33,-0.27,-0.02,0.5
东方电缆,603606,2019-07-10,7.33,6.99,7.33,6.91,78306,62996638.0,5.78,-3.85,-0.28,1.23
东方电缆,603606,2019-07-11,7.05,7.09,7.22,7.04,44295,35814645.0,2.58,1.43,0.1,0.69
东方电缆,603606,2019-07-12,7.07,7.27,7.27,7.07,44886,36395719.0,2.82,2.54,0.18,0.7
东方电缆,603606,2019-07-15,7.84,8.01,8.09,7.69,382330,341274992.0,5.5,10.18,0.74,5.98
东方电缆,603606,2019-07-16,7.85,8.19,8.19,7.76,246598,219952960.0,5.37,2.25,0.18,3.86
东方电缆,603606,2019-07-17,8.27,8.46,9.01,8.2,287732,273509840.0,9.89,3.3,0.27,4.5
东方电缆,603606,2019-07-18,8.58,8.49,8.9,8.45,202217,193694772.0,5.32,0.35,0.03,3.17
东方电缆,603606,2019-07-19,8.58,8.62,8.67,8.4,150330,142974590.0,3.18,1.53,0.13,2.35
东方电缆,603606,2019-07-22,8.8,8.45,8.8,8.44,126940,121148921.0,4.18,-1.97,-0.17,1.99
东方电缆,603606,2019-07-23,8.66,8.71,8.8,8.56,143887,138815110.0,2.84,3.08,0.26,2.25
东方电缆,603606,2019-07-24,8.71,8.68,8.86,8.62,126325,122300857.0,2.76,-0.34,-0.03,1.98
东方电缆,603606,2019-07-25,8.7,8.72,8.79,8.64,93745,90596920.0,1.73,0.46,0.04,1.47
东方电缆,603606,2019-07-26,8.71,8.93,8.97,8.51,164366,159703496.0,5.28,2.41,0.21,2.57
东方电缆,603606,2019-07-29,9.03,9.39,9.39,8.9,198673,201722210.0,5.49,5.15,0.46,3.11
东方电缆,603606,2019-07-30,9.4,9.26,9.62,9.2,192318,199169444.0,4.47,-1.38,-0.13,3.01
东方电缆,603606,2019-07-31,9.21,9.26,9.37,9.17,106020,108559489.0,2.16,0.0,0.0,1.66
东方电缆,603606,2019-08-01,9.25,9.29,9.35,9.2,91199,93331964.0,1.62,0.32,0.03,1.43
东方电缆,603606,2019-08-02,9.04,9.04,9.13,8.87,165251,164715699.0,2.8,-2.69,-0.25,2.59
东方电缆,603606,2019-08-05,9.0,9.1,9.29,8.98,142271,143299429.0,3.43,0.66,0.06,2.23
东方电缆,603606,2019-08-06,8.94,9.34,9.34,8.71,236035,237056162.0,6.92,2.64,0.24,3.69
东方电缆,603606,2019-08-07,9.32,8.71,9.32,8.68,274872,272289632.0,6.85,-6.75,-0.63,4.3
东方电缆,603606,2019-08-08,8.68,8.74,8.86,8.44,172574,165445775.0,4.82,0.34,0.03,2.7
东方电缆,603606,2019-08-09,8.83,8.7,8.94,8.68,130326,127403691.0,2.97,-0.46,-0.04,2.04
东方电缆,603606,2019-08-12,8.74,8.89,8.91,8.64,98864,96459023.0,3.1,2.18,0.19,1.55
东方电缆,603606,2019-08-13,8.82,8.86,9.02,8.75,74345,73254652.0,3.04,-0.34,-0.03,1.16
东方电缆,603606,2019-08-14,9.03,9.19,9.32,8.96,153858,155861589.0,4.06,3.72,0.33,2.41
东方电缆,603606,2019-08-15,8.98,9.35,9.35,8.92,163585,166320973.0,4.68,1.74,0.16,2.56
东方电缆,603606,2019-08-16,9.33,9.23,9.48,9.21,122814,126221803.0,2.89,-1.28,-0.12,1.92
东方电缆,603606,2019-08-19,9.27,9.56,9.61,9.23,167729,174112188.0,4.12,3.58,0.33,2.63
东方电缆,603606,2019-08-20,9.52,9.17,9.52,9.14,222457,227635978.0,3.97,-4.08,-0.39,3.48
东方电缆,603606,2019-08-21,9.15,9.33,9.44,9.12,148160,152227629.0,3.49,1.74,0.16,2.32
东方电缆,603606,2019-08-22,9.37,9.88,10.12,9.26,228431,245418205.0,9.22,5.89,0.55,3.58
东方电缆,603606,2019-08-23,9.93,10.21,10.37,9.74,210879,232086176.0,6.38,3.34,0.33,3.3
东方电缆,603606,2019-08-26,10.07,10.02,10.32,9.86,174856,192821910.0,4.51,-1.86,-0.19,2.74
东方电缆,603606,2019-08-27,10.24,10.12,10.26,9.99,115683,128305371.0,2.69,1.0,0.1,1.81
东方电缆,603606,2019-08-28,10.06,10.16,10.34,9.85,136719,150962494.0,4.84,0.4,0.04,2.14
东方电缆,603606,2019-08-29,10.15,9.94,10.21,9.92,101396,111428072.0,2.85,-2.17,-0.22,1.59
东方电缆,603606,2019-08-30,9.99,9.84,10.16,9.7,120135,130693935.0,4.63,-1.01,-0.1,1.88
东方电缆,603606,2019-09-02,9.79,10.09,10.16,9.79,110921,122036677.0,3.76,2.54,0.25,1.74
东方电缆,603606,2019-09-03,10.05,10.1,10.21,9.98,75857,83570839.0,2.28,0.1,0.01,1.19
东方电缆,603606,2019-09-04,10.22,10.76,10.93,10.21,197426,228917677.0,7.13,6.53,0.66,3.09
东方电缆,603606,2019-09-05,11.03,10.61,11.14,10.6,203354,239949093.0,5.02,-1.39,-0.15,3.18
东方电缆,603606,2019-09-06,10.84,10.72,10.88,10.54,110114,128336423.0,3.2,1.04,0.11,1.72
东方电缆,603606,2019-09-09,10.89,11.41,11.54,10.75,212718,260765186.0,7.37,6.44,0.69,3.33
东方电缆,603606,2019-09-10,11.49,11.54,11.8,11.24,156020,195752842.0,4.91,1.14,0.13,2.44
东方电缆,603606,2019-09-11,11.59,11.31,11.77,11.24,101248,125214166.0,4.59,-1.99,-0.23,1.58
东方电缆,603606,2019-09-12,11.27,11.42,11.57,11.2,133616,164232921.0,3.27,0.97,0.11,2.09
东方电缆,603606,2019-09-16,11.53,11.02,11.53,10.93,188181,226409741.0,5.25,-3.5,-0.4,2.95
东方电缆,603606,2019-09-17,11.02,10.67,11.12,10.62,144352,169717795.0,4.54,-3.18,-0.35,2.26
东方电缆,603606,2019-09-18,10.79,10.69,10.8,10.6,84218,98130209.0,1.87,0.19,0.02,1.32
东方电缆,603606,2019-09-19,10.72,10.88,10.91,10.67,94017,110506424.0,2.25,1.78,0.19,1.47
东方电缆,603606,2019-09-20,10.89,10.76,10.92,10.65,82582,96803114.0,2.48,-1.1,-0.12,1.29
东方电缆,603606,2019-09-23,10.77,10.56,10.8,10.33,111808,128245306.0,4.37,-1.86,-0.2,1.75
东方电缆,603606,2019-09-24,10.44,10.78,10.97,10.44,113555,133562298.0,5.02,2.08,0.22,1.78
东方电缆,603606,2019-09-25,10.74,10.78,10.92,10.58,83899,98005919.0,3.15,0.0,0.0,1.31
东方电缆,603606,2019-09-26,10.78,10.59,11.21,10.59,151719,180204916.0,5.75,-1.76,-0.19,2.37
东方电缆,603606,2019-09-27,10.59,10.96,10.99,10.29,127224,148449174.0,6.61,3.49,0.37,1.99
东方电缆,603606,2019-09-30,10.96,10.67,11.16,10.56,89950,106016411.0,5.47,-2.65,-0.29,1.41
东方电缆,603606,2019-10-08,10.6,11.04,11.11,10.6,128696,153304909.0,4.78,3.47,0.37,2.01
东方电缆,603606,2019-10-09,11.02,11.2,11.22,10.82,119167,143040196.0,3.62,1.45,0.16,1.87
东方电缆,603606,2019-10-10,11.25,11.42,11.5,11.05,141921,173904114.0,4.02,1.96,0.22,2.22
东方电缆,603606,2019-10-11,11.39,11.3,11.7,11.25,131381,163210345.0,3.94,-1.05,-0.12,2.06
东方电缆,603606,2019-10-14,11.3,11.35,11.56,11.13,115434,141513489.0,3.81,0.44,0.05,1.81
东方电缆,603606,2019-10-15,11.34,10.84,11.34,10.83,115531,138178960.0,4.49,-4.49,-0.51,1.81
东方电缆,603606,2019-10-16,10.84,9.99,10.95,9.79,281616,313133184.0,10.7,-7.84,-0.85,4.41
东方电缆,603606,2019-10-17,9.65,10.27,10.48,9.65,168582,188124524.0,8.31,2.8,0.28,2.64
东方电缆,603606,2019-10-18,10.09,10.06,10.4,9.9,93494,103676395.0,4.87,-2.04,-0.21,1.46
东方电缆,603606,2019-10-21,10.01,9.84,10.05,9.7,74289,80525729.0,3.48,-2.19,-0.22,1.16
东方电缆,603606,2019-10-22,9.86,10.12,10.12,9.84,60710,66426767.0,2.85,2.85,0.28,0.95
东方电缆,603606,2019-10-23,10.15,10.02,10.21,9.97,67701,74442845.0,2.37,-0.99,-0.1,1.06
东方电缆,603606,2019-10-24,9.97,10.2,10.21,9.87,76031,83979150.0,3.39,1.8,0.18,1.19
东方电缆,603606,2019-10-25,10.23,10.27,10.3,10.02,70754,78682629.0,2.75,0.69,0.07,1.11
东方电缆,603606,2019-10-28,10.15,10.13,10.2,9.8,137545,150842428.0,3.89,-1.36,-0.14,2.15
东方电缆,603606,2019-10-29,10.2,10.37,10.61,10.01,147945,168295891.0,5.92,2.37,0.24,2.32
东方电缆,603606,2019-10-30,10.24,10.16,10.38,10.14,62953,70352742.0,2.31,-2.03,-0.21,0.99
东方电缆,603606,2019-10-31,10.17,10.02,10.3,9.96,66939,74043355.0,3.35,-1.38,-0.14,1.05
东方电缆,603606,2019-11-01,10.16,9.96,10.22,9.9,72935,80146183.0,3.19,-0.6,-0.06,1.14
东方电缆,603606,2019-11-04,10.03,10.05,10.21,9.99,78329,86614606.0,2.21,0.9,0.09,1.23
东方电缆,603606,2019-11-05,10.11,10.07,10.17,10.0,57740,63787951.0,1.69,0.2,0.02,0.9
东方电缆,603606,2019-11-06,10.09,10.13,10.35,10.04,61451,68334465.0,3.08,0.6,0.06,0.96
东方电缆,603606,2019-11-07,10.14,10.06,10.24,9.99,62734,69230732.0,2.47,-0.69,-0.07,0.98
东方电缆,603606,2019-11-08,10.18,10.06,10.23,9.97,70934,78126255.0,2.58,0.0,0.0,1.11
东方电缆,603606,2019-11-11,9.97,9.53,9.97,9.51,100628,107110533.0,4.57,-5.27,-0.53,1.58
东方电缆,603606,2019-11-12,9.55,9.57,9.78,9.47,73860,77988130.0,3.25,0.42,0.04,1.16
东方电缆,603606,2019-11-13,9.5,9.56,9.69,9.5,41273,43554318.0,1.99,-0.1,-0.01,0.65
东方电缆,603606,2019-11-14,9.56,9.43,9.66,9.27,82830,86817443.0,4.08,-1.36,-0.13,1.3
东方电缆,603606,2019-11-15,9.41,9.36,9.6,9.35,54426,56701716.0,2.65,-0.74,-0.07,0.85
东方电缆,603606,2019-11-18,9.29,9.36,9.39,9.25,42238,43449470.0,1.5,0.0,0.0,0.66
东方电缆,603606,2019-11-19,9.42,9.42,9.54,9.34,53171,55305452.0,2.14,0.64,0.06,0.83
东方电缆,603606,2019-11-20,9.53,9.2,9.53,9.2,56467,58114987.0,3.5,-2.34,-0.22,0.88
东方电缆,603606,2019-11-21,9.29,9.26,9.38,9.23,36938,37860543.0,1.63,0.65,0.06,0.58
东方电缆,603606,2019-11-22,9.31,9.1,9.35,9.06,51554,52241130.0,3.13,-1.73,-0.16,0.81
东方电缆,603606,2019-11-25,9.04,9.13,9.18,8.88,56465,56556772.0,3.3,0.33,0.03,0.88
东方电缆,603606,2019-11-26,9.13,9.17,9.27,9.06,37549,38113911.0,2.3,0.44,0.04,0.59
东方电缆,603606,2019-11-27,9.17,9.29,9.37,9.16,42091,43074956.0,2.29,1.31,0.12,0.66
东方电缆,603606,2019-11-28,9.27,9.18,9.37,9.14,38239,39043540.0,2.48,-1.18,-0.11,0.6
东方电缆,603606,2019-11-29,9.2,9.25,9.28,9.16,39835,40595228.0,1.31,0.76,0.07,0.62
东方电缆,603606,2019-12-02,9.38,9.34,9.41,9.27,30710,31627423.0,1.51,0.97,0.09,0.48
东方电缆,603606,2019-12-03,9.26,9.38,9.38,9.16,32433,33244108.0,2.36,0.43,0.04,0.51
东方电缆,603606,2019-12-04,9.32,9.42,9.47,9.26,44755,46351312.0,2.24,0.43,0.04,0.7
东方电缆,603606,2019-12-05,9.49,9.52,9.61,9.46,46845,49112522.0,1.59,1.06,0.1,0.73
东方电缆,603606,2019-12-06,9.56,9.67,9.76,9.53,69309,73783619.0,2.42,1.58,0.15,1.08
东方电缆,603606,2019-12-09,9.67,9.6,9.81,9.58,47530,50590071.0,2.38,-0.72,-0.07,0.74
东方电缆,603606,2019-12-10,9.55,9.88,9.89,9.54,68856,73982249.0,3.65,2.92,0.28,1.08
东方电缆,603606,2019-12-11,9.84,9.89,9.99,9.71,56427,60978102.0,2.83,0.1,0.01,0.88
东方电缆,603606,2019-12-12,9.98,9.91,10.01,9.9,60846,66459309.0,1.11,0.2,0.02,0.95
东方电缆,603606,2019-12-13,9.94,10.45,10.52,9.91,135088,152691582.0,6.16,5.45,0.54,2.11
东方电缆,603606,2019-12-16,10.49,10.5,10.58,10.31,91859,104697042.0,2.58,0.48,0.05,1.44
东方电缆,603606,2019-12-17,10.62,10.51,10.62,10.39,83245,95407493.0,2.19,0.1,0.01,1.3
东方电缆,603606,2019-12-18,10.58,10.2,10.58,10.17,152233,171584798.0,3.9,-2.95,-0.31,2.38
东方电缆,603606,2019-12-19,10.2,10.25,10.39,10.11,107984,120758855.0,2.75,0.49,0.05,1.69
东方电缆,603606,2019-12-20,10.24,10.21,10.3,10.16,61235,68474337.0,1.37,-0.39,-0.04,0.96
东方电缆,603606,2019-12-23,10.24,10.03,10.32,9.93,85253,94339281.0,3.82,-1.76,-0.18,1.33
东方电缆,603606,2019-12-24,10.15,10.15,10.17,9.99,41180,45433864.0,1.79,1.2,0.12,0.64
东方电缆,603606,2019-12-25,10.09,10.17,10.2,10.0,65130,72100089.0,1.97,0.2,0.02,1.02
东方电缆,603606,2019-12-26,10.15,10.12,10.26,10.03,52642,58336296.0,2.26,-0.49,-0.05,0.82
东方电缆,603606,2019-12-27,10.15,9.94,10.19,9.88,78571,86380796.0,3.06,-1.78,-0.18,1.23
东方电缆,603606,2019-12-30,9.61,9.78,9.87,9.39,119476,127033507.0,4.83,-1.61,-0.16,1.87
东方电缆,603606,2019-12-31,9.84,10.02,10.17,9.73,93014,102062768.0,4.5,2.45,0.24,1.46
东方电缆,603606,2020-01-02,10.11,10.42,10.52,10.02,161050,182117922.0,4.99,3.99,0.4,2.52
东方电缆,603606,2020-01-03,10.43,10.44,10.51,10.27,83375,94846105.0,2.3,0.19,0.02,1.31
东方电缆,603606,2020-01-06,10.31,10.29,10.46,10.19,102865,116042909.0,2.59,-1.44,-0.15,1.61
东方电缆,603606,2020-01-07,10.34,10.48,10.54,10.28,96296,109724461.0,2.53,1.85,0.19,1.51
东方电缆,603606,2020-01-08,10.44,10.41,10.69,10.29,93516,106854486.0,3.82,-0.67,-0.07,1.46
东方电缆,603606,2020-01-09,10.58,10.49,10.6,10.34,76745,87604197.0,2.5,0.77,0.08,1.2
东方电缆,603606,2020-01-10,10.49,10.49,10.59,10.36,63927,73098159.0,2.19,0.0,0.0,1.0
东方电缆,603606,2020-01-13,10.39,10.77,10.78,10.39,98797,114499380.0,3.72,2.67,0.28,1.55
东方电缆,603606,2020-01-14,10.82,10.67,10.89,10.66,67050,78421679.0,2.14,-0.93,-0.1,1.05
东方电缆,603606,2020-01-15,11.44,11.1,11.54,10.95,272794,331580448.0,5.53,4.03,0.43,4.27
东方电缆,603606,2020-01-16,11.2,11.0,11.45,10.97,195129,237183536.0,4.32,-0.9,-0.1,3.05
东方电缆,603606,2020-01-17,10.97,11.05,11.37,10.97,119509,145069674.0,3.64,0.45,0.05,1.87
东方电缆,603606,2020-01-20,11.14,11.19,11.3,10.79,115717,140186281.0,4.62,1.27,0.14,1.81
东方电缆,603606,2020-01-21,11.32,11.42,11.48,11.19,126298,155489168.0,2.59,2.06,0.23,1.98
东方电缆,603606,2020-01-22,11.24,11.34,11.42,11.0,127373,155708654.0,3.68,-0.7,-0.08,1.99
东方电缆,603606,2020-01-23,11.26,10.98,11.6,10.74,148909,180754515.0,7.58,-3.17,-0.36,2.33
东方电缆,603606,2020-02-03,9.79,9.79,9.79,9.79,18286,19657450.0,0.0,-10.84,-1.19,0.29
东方电缆,603606,2020-02-04,9.37,9.73,9.99,9.37,163707,174037375.0,6.33,-0.61,-0.06,2.56
东方电缆,603606,2020-02-05,9.82,9.79,10.17,9.73,124964,135918556.0,4.52,0.62,0.06,1.96
东方电缆,603606,2020-02-06,9.85,9.89,9.99,9.65,142893,154279769.0,3.47,1.02,0.1,2.24
东方电缆,603606,2020-02-07,9.82,9.89,9.95,9.65,118200,126957719.0,3.03,0.0,0.0,1.85
东方电缆,603606,2020-02-10,9.88,10.19,10.28,9.8,146296,162174470.0,4.85,3.03,0.3,2.29
东方电缆,603606,2020-02-11,10.22,10.23,10.37,10.06,92684,103676764.0,3.04,0.39,0.04,1.45
东方电缆,603606,2020-02-12,10.23,10.41,10.47,10.18,105362,119384849.0,2.83,1.76,0.18,1.65
东方电缆,603606,2020-02-13,10.4,10.29,10.55,10.25,91109,103381455.0,2.88,-1.15,-0.12,1.43
东方电缆,603606,2020-02-14,10.34,10.3,10.42,10.22,69134,77938435.0,1.94,0.1,0.01,1.08
东方电缆,603606,2020-02-17,10.38,10.64,10.67,10.27,106111,121839858.0,3.88,3.3,0.34,1.66
东方电缆,603606,2020-02-18,10.6,10.94,10.94,10.6,97791,115287360.0,3.2,2.82,0.3,1.53
东方电缆,603606,2020-02-19,10.97,10.8,11.14,10.75,111619,132603215.0,3.56,-1.28,-0.14,1.75
东方电缆,603606,2020-02-20,10.8,10.9,10.95,10.65,93258,109721725.0,2.78,0.93,0.1,1.46
东方电缆,603606,2020-02-21,10.94,10.91,11.1,10.84,110173,131188344.0,2.39,0.09,0.01,1.72
东方电缆,603606,2020-02-24,10.79,11.21,11.24,10.76,142844,171366513.0,4.4,2.75,0.3,2.24
东方电缆,603606,2020-02-25,10.95,10.88,11.02,10.37,154577,181514538.0,5.8,-2.94,-0.33,2.42
东方电缆,603606,2020-02-26,10.6,10.7,11.13,10.53,142517,168506600.0,5.51,-1.65,-0.18,2.23
东方电缆,603606,2020-02-27,10.81,11.4,11.68,10.81,302512,374148400.0,8.13,6.54,0.7,4.74
东方电缆,603606,2020-02-28,11.07,10.17,11.29,10.16,261051,304618288.0,9.91,-10.79,-1.23,4.09
东方电缆,603606,2020-03-02,10.24,10.52,10.64,10.04,164039,186665347.0,5.9,3.44,0.35,2.57
东方电缆,603606,2020-03-03,10.82,11.05,11.4,10.74,251797,304564560.0,6.27,5.04,0.53,3.94
东方电缆,603606,2020-03-04,11.04,11.27,11.28,10.9,156826,189124153.0,3.44,1.99,0.22,2.45
东方电缆,603606,2020-03-05,11.44,12.49,12.49,11.34,429430,559080880.0,10.2,10.83,1.22,6.72
东方电缆,603606,2020-03-06,12.49,12.63,12.84,12.19,388475,525679888.0,5.2,1.12,0.14,6.08
东方电缆,603606,2020-03-09,12.36,11.87,12.9,11.75,390950,520094368.0,9.11,-6.02,-0.76,6.12
东方电缆,603606,2020-03-10,12.29,12.82,13.12,11.64,436500,584567664.0,12.47,8.0,0.95,6.83
东方电缆,603606,2020-03-11,12.97,12.22,13.42,12.22,409333,564388144.0,9.36,-4.68,-0.6,6.41
东方电缆,603606,2020-03-12,11.89,12.52,12.58,11.72,322432,425844032.0,7.04,2.45,0.3,5.05
东方电缆,603606,2020-03-13,11.72,13.03,13.22,11.65,411960,558131248.0,12.54,4.07,0.51,6.45
东方电缆,603606,2020-03-16,13.32,11.89,13.42,11.89,379551,509792848.0,11.74,-8.75,-1.14,5.94
东方电缆,603606,2020-03-17,12.18,12.15,12.52,11.34,317190,412170720.0,9.92,2.19,0.26,4.97
东方电缆,603606,2020-03-18,12.31,11.61,12.49,11.6,298709,389729296.0,7.33,-4.44,-0.54,4.68
东方电缆,603606,2020-03-19,11.49,11.29,11.77,10.85,273578,334103568.0,7.92,-2.76,-0.32,4.28
东方电缆,603606,2020-03-20,11.54,11.44,11.54,11.18,184479,227779617.0,3.19,1.33,0.15,2.89
东方电缆,603606,2020-03-23,11.06,10.86,11.4,10.74,170115,204266703.0,5.77,-5.07,-0.58,2.66
东方电缆,603606,2020-03-24,11.12,11.41,11.43,10.86,203417,247528442.0,5.25,5.06,0.55,3.18
东方电缆,603606,2020-03-25,11.73,11.41,11.74,11.37,167544,208711128.0,3.24,0.0,0.0,2.62
东方电缆,603606,2020-03-26,11.23,11.12,11.3,10.96,121635,147152993.0,2.98,-2.54,-0.29,1.9
东方电缆,603606,2020-03-27,11.23,10.87,11.27,10.85,143536,171753576.0,3.78,-2.25,-0.25,2.25
东方电缆,603606,2020-03-30,10.82,11.06,11.09,10.47,137278,160711937.0,5.7,1.75,0.19,2.15
东方电缆,603606,2020-03-31,11.14,11.24,11.33,10.94,110253,133859490.0,3.53,1.63,0.18,1.73
东方电缆,603606,2020-04-01,11.07,11.35,11.48,11.07,129516,158894550.0,3.65,0.98,0.11,2.03
东方电缆,603606,2020-04-02,11.22,12.01,12.09,11.15,260980,329278480.0,8.28,5.81,0.66,4.09
东方电缆,603606,2020-04-03,12.02,12.03,12.39,11.89,199476,260735388.0,4.16,0.17,0.02,3.12
东方电缆,603606,2020-04-07,12.29,12.22,12.38,12.06,181926,240133175.0,2.66,1.58,0.19,2.85
东方电缆,603606,2020-04-08,12.19,12.29,12.36,12.09,143439,189625813.0,2.21,0.57,0.07,2.25
东方电缆,603606,2020-04-09,12.41,12.36,12.57,12.24,112065,149681759.0,2.69,0.57,0.07,1.75
东方电缆,603606,2020-04-10,12.6,12.29,12.88,12.15,151652,204319455.0,5.91,-0.57,-0.07,2.37
东方电缆,603606,2020-04-13,12.34,12.43,12.71,12.19,117809,158119195.0,4.23,1.14,0.14,1.84
东方电缆,603606,2020-04-14,12.48,12.57,12.79,12.39,135709,183534463.0,3.22,1.13,0.14,2.12
东方电缆,603606,2020-04-15,12.57,12.31,12.64,12.3,107357,143845868.0,2.7,-2.07,-0.26,1.68
东方电缆,603606,2020-04-16,12.16,12.34,12.61,12.07,127415,170051849.0,4.39,0.24,0.03,1.99
东方电缆,603606,2020-04-17,12.41,12.45,12.72,12.29,164507,221312354.0,3.48,0.89,0.11,2.58
东方电缆,603606,2020-04-20,12.5,13.45,13.57,12.46,242577,340909056.0,8.92,8.03,1.0,3.8
东方电缆,603606,2020-04-21,13.31,13.52,13.59,13.19,195755,280774352.0,2.97,0.52,0.07,3.06
东方电缆,603606,2020-04-22,13.34,13.54,13.68,13.29,138971,200702534.0,2.88,0.15,0.02,2.18
东方电缆,603606,2020-04-23,13.61,13.7,13.95,13.37,168602,246321630.0,4.28,1.18,0.16,2.64
东方电缆,603606,2020-04-24,13.69,12.76,13.69,12.56,289127,400098896.0,8.25,-6.86,-0.94,4.53
东方电缆,603606,2020-04-27,12.87,12.72,13.0,12.6,158075,217327391.0,3.13,-0.31,-0.04,2.47
东方电缆,603606,2020-04-28,12.69,12.32,12.83,12.0,142327,189692178.0,6.53,-3.14,-0.4,2.23
东方电缆,603606,2020-04-29,12.32,12.3,12.52,12.2,87248,116133294.0,2.6,-0.16,-0.02,1.37
东方电缆,603606,2020-04-30,12.49,12.96,13.05,12.47,126092,172930311.0,4.72,5.37,0.66,1.97
东方电缆,603606,2020-05-06,12.77,13.06,13.19,12.74,105283,146658387.0,3.47,0.77,0.1,1.65
东方电缆,603606,2020-05-07,13.07,12.84,13.18,12.8,102474,142217654.0,2.91,-1.68,-0.22,1.6
东方电缆,603606,2020-05-08,12.92,13.32,13.48,12.87,135160,191606298.0,4.75,3.74,0.48,2.12
东方电缆,603606,2020-05-11,13.35,13.79,13.97,13.35,168743,247972815.0,4.65,3.53,0.47,2.64
东方电缆,603606,2020-05-12,13.69,13.44,13.69,13.19,135155,194136286.0,3.63,-2.54,-0.35,2.12
东方电缆,603606,2020-05-13,13.42,13.66,13.73,13.18,101666,147702534.0,4.09,1.64,0.22,1.59
东方电缆,603606,2020-05-14,13.52,13.46,13.62,13.33,76046,109722676.0,2.12,-1.46,-0.2,1.19
东方电缆,603606,2020-05-15,13.54,13.38,13.55,13.22,84119,120519535.0,2.45,-0.59,-0.08,1.32
东方电缆,603606,2020-05-18,13.36,13.53,13.72,13.29,104104,151108139.0,3.21,1.12,0.15,1.63
东方电缆,603606,2020-05-19,13.58,14.01,14.22,13.58,157259,234568967.0,4.73,3.55,0.48,2.46
东方电缆,603606,2020-05-20,14.0,13.42,14.2,13.37,140440,206484427.0,5.92,-4.21,-0.59,2.2
东方电缆,603606,2020-05-21,13.45,13.12,13.65,13.1,87019,124561598.0,4.1,-2.24,-0.3,1.36
东方电缆,603606,2020-05-22,13.12,12.55,13.25,12.43,130757,177645420.0,6.25,-4.34,-0.57,2.05
东方电缆,603606,2020-05-25,12.54,12.41,12.69,12.21,89925,119052621.0,3.82,-1.12,-0.14,1.41
东方电缆,603606,2020-05-26,12.47,12.73,12.78,12.42,87415,117478734.0,2.9,2.58,0.32,1.37
东方电缆,603606,2020-05-27,12.8,12.39,12.8,12.28,73561,97979506.0,4.08,-2.67,-0.34,1.15
东方电缆,603606,2020-05-28,12.57,12.79,13.03,12.44,145788,197870260.0,4.76,3.23,0.4,2.28
东方电缆,603606,2020-05-29,12.61,12.55,12.73,12.33,101482,135654802.0,3.13,-1.88,-0.24,1.59
东方电缆,603606,2020-06-01,12.55,12.93,12.95,12.5,103179,140600458.0,3.59,3.03,0.38,1.62
东方电缆,603606,2020-06-02,12.9,13.07,13.13,12.83,94797,130990455.0,2.32,1.08,0.14,1.48
东方电缆,603606,2020-06-03,13.12,12.98,13.15,12.88,80126,110881755.0,2.07,-0.69,-0.09,1.25
东方电缆,603606,2020-06-04,12.98,13.22,13.42,12.98,94107,132441323.0,3.39,1.85,0.24,1.47
东方电缆,603606,2020-06-05,13.26,13.18,13.44,13.02,94802,133004769.0,3.18,-0.3,-0.04,1.48
东方电缆,603606,2020-06-08,13.22,13.0,13.38,12.96,89491,125097948.0,3.19,-1.37,-0.18,1.4
东方电缆,603606,2020-06-09,12.94,12.85,13.09,12.73,92405,126788226.0,2.77,-1.15,-0.15,1.45
东方电缆,603606,2020-06-10,12.83,12.92,13.08,12.58,75290,103144041.0,3.89,0.54,0.07,1.18
东方电缆,603606,2020-06-11,12.95,12.76,13.12,12.65,98402,135086191.0,3.64,-1.24,-0.16,1.54
东方电缆,603606,2020-06-12,12.45,12.57,12.7,12.38,93909,125926683.0,2.51,-1.49,-0.19,1.47
东方电缆,603606,2020-06-15,12.58,12.29,12.68,12.26,94150,125040651.0,3.34,-2.23,-0.28,1.47
东方电缆,603606,2020-06-16,12.43,12.57,12.61,12.41,68848,92057023.0,1.63,2.28,0.28,1.08
东方电缆,603606,2020-06-17,12.58,12.81,12.83,12.33,100237,134416980.0,3.98,1.91,0.24,1.57
东方电缆,603606,2020-06-18,12.77,12.88,12.92,12.62,73739,100296198.0,2.34,0.55,0.07,1.15
东方电缆,603606,2020-06-19,12.94,12.96,13.09,12.89,82868,114495037.0,1.55,0.62,0.08,1.3
东方电缆,603606,2020-06-22,12.96,13.03,13.25,12.94,109107,151661005.0,2.39,0.54,0.07,1.71
东方电缆,603606,2020-06-23,13.01,12.67,13.03,12.6,128393,174367031.0,3.3,-2.76,-0.36,2.01
东方电缆,603606,2020-06-24,12.69,12.7,12.82,12.52,89163,120244817.0,2.37,0.24,0.03,1.4
东方电缆,603606,2020-06-29,12.79,13.56,13.67,12.79,242249,343213760.0,6.93,6.77,0.86,3.79
东方电缆,603606,2020-06-30,13.67,13.71,13.81,13.48,142695,206330082.0,2.43,1.11,0.15,2.23
东方电缆,603606,2020-07-01,13.75,13.59,13.82,13.4,110479,159438620.0,3.06,-0.88,-0.12,1.73
东方电缆,603606,2020-07-02,13.66,13.97,14.07,13.49,188005,274645344.0,4.27,2.8,0.38,2.94
东方电缆,603606,2020-07-03,13.99,13.89,14.05,13.68,150626,220531090.0,2.65,-0.57,-0.08,2.36
东方电缆,603606,2020-07-06,14.01,14.3,14.45,13.84,222700,335136368.0,4.39,2.95,0.41,3.49
东方电缆,603606,2020-07-07,14.46,14.33,14.63,14.23,178621,272669856.0,2.8,0.21,0.03,2.8
东方电缆,603606,2020-07-08,14.35,14.63,14.7,14.28,146988,225886479.0,2.93,2.09,0.3,2.3
东方电缆,603606,2020-07-09,14.77,15.48,15.61,14.75,186296,300986336.0,5.88,5.81,0.85,2.92
东方电缆,603606,2020-07-10,15.45,15.58,15.75,15.2,144912,236724714.0,3.55,0.65,0.1,2.27
东方电缆,603606,2020-07-13,15.66,15.83,15.96,15.34,200701,329965904.0,3.98,1.6,0.25,3.14
东方电缆,603606,2020-07-14,16.76,17.5,17.5,16.64,388206,702090096.0,5.43,10.55,1.67,6.08
东方电缆,603606,2020-07-15,17.72,17.37,17.94,17.17,356114,653734304.0,4.4,-0.74,-0.13,5.57
东方电缆,603606,2020-07-16,17.43,16.33,17.87,16.2,283081,506558688.0,9.61,-5.99,-1.04,4.43
东方电缆,603606,2020-07-17,16.68,16.72,17.3,16.5,231855,410403920.0,4.9,2.39,0.39,3.63
东方电缆,603606,2020-07-20,17.14,17.36,17.63,16.8,210139,380247344.0,4.96,3.83,0.64,3.29
东方电缆,603606,2020-07-21,17.39,17.52,17.67,17.11,171954,313781344.0,3.23,0.92,0.16,2.69
东方电缆,603606,2020-07-22,17.47,17.41,17.76,17.3,173545,318633424.0,2.63,-0.63,-0.11,2.72
东方电缆,603606,2020-07-23,17.17,18.14,18.44,17.16,257759,483976688.0,7.35,4.19,0.73,4.03
东方电缆,603606,2020-07-24,18.16,16.95,18.35,16.84,229983,421920272.0,8.32,-6.56,-1.19,3.6
东方电缆,603606,2020-07-27,17.27,17.37,17.92,17.19,179270,328408416.0,4.31,2.48,0.42,2.81
东方电缆,603606,2020-07-28,17.85,18.61,18.92,17.69,343526,661151888.0,7.08,7.14,1.24,5.38
东方电缆,603606,2020-07-29,18.84,19.97,20.02,18.61,360470,729460672.0,7.58,7.31,1.36,5.64
东方电缆,603606,2020-07-30,20.36,21.22,21.6,19.79,396095,854645536.0,9.06,6.26,1.25,6.2
东方电缆,603606,2020-07-31,21.17,21.31,22.03,20.57,344314,764528720.0,6.88,0.42,0.09,5.39
东方电缆,603606,2020-08-03,21.65,23.17,23.17,21.32,330431,769202960.0,8.68,8.73,1.86,5.17
东方电缆,603606,2020-08-04,22.95,22.8,23.13,22.33,251398,591845072.0,3.45,-1.6,-0.37,3.94
东方电缆,603606,2020-08-05,22.8,24.18,24.47,22.57,240991,596315248.0,8.33,6.05,1.38,3.77
东方电缆,603606,2020-08-06,24.48,23.93,24.52,22.97,248934,612851824.0,6.41,-1.03,-0.25,3.9
东方电缆,603606,2020-08-07,23.92,23.62,24.44,22.99,193672,474251632.0,6.06,-1.3,-0.31,3.03
东方电缆,603606,2020-08-10,24.08,26.07,26.07,23.74,307939,804295520.0,9.86,10.37,2.45,4.82
东方电缆,603606,2020-08-11,26.12,25.15,26.37,24.68,231884,608319360.0,6.48,-3.53,-0.92,3.63
东方电缆,603606,2020-08-12,24.78,22.55,25.32,22.55,387147,926990816.0,11.01,-10.34,-2.6,6.06
东方电缆,603606,2020-08-13,22.55,22.56,23.27,21.97,214826,504076080.0,5.76,0.04,0.01,3.36
东方电缆,603606,2020-08-14,22.48,22.49,22.72,21.87,193536,446791984.0,3.77,-0.31,-0.07,3.03
东方电缆,603606,2020-08-17,22.67,23.05,23.35,22.5,196992,468887888.0,3.78,2.49,0.56,3.08
东方电缆,603606,2020-08-18,23.12,23.79,24.8,23.12,226376,562553568.0,7.29,3.21,0.74,3.54
东方电缆,603606,2020-08-19,23.42,22.89,23.83,22.53,172594,411326912.0,5.46,-3.78,-0.9,2.7
东方电缆,603606,2020-08-20,22.57,22.6,23.1,22.29,105540,248001113.0,3.54,-1.27,-0.29,1.65
东方电缆,603606,2020-08-21,22.65,22.68,23.59,22.45,125467,296747264.0,5.04,0.35,0.08,1.96
东方电缆,603606,2020-08-24,22.77,22.28,22.82,21.06,222836,506255088.0,7.76,-1.76,-0.4,3.49
东方电缆,603606,2020-08-25,22.53,22.27,22.71,22.12,108836,252419719.0,2.65,-0.04,-0.01,1.7
东方电缆,603606,2020-08-26,23.42,22.71,24.01,22.62,277638,667656048.0,6.24,1.98,0.44,4.35
东方电缆,603606,2020-08-27,22.57,22.75,23.07,22.05,161906,377390368.0,4.49,0.18,0.04,2.53
东方电缆,603606,2020-08-28,22.74,23.06,23.24,22.61,143766,342830736.0,2.77,1.36,0.31,2.25
东方电缆,603606,2020-08-31,23.57,23.03,23.75,23.03,144013,346681520.0,3.12,-0.13,-0.03,2.25
东方电缆,603606,2020-09-01,23.12,23.27,23.39,22.64,122129,291032432.0,3.26,1.04,0.24,1.91
东方电缆,603606,2020-09-02,23.42,22.58,23.47,22.02,232714,543107616.0,6.23,-2.97,-0.69,3.64
东方电缆,603606,2020-09-03,22.36,21.63,22.5,21.42,193304,439085712.0,4.78,-4.21,-0.95,3.03
东方电缆,603606,2020-09-04,21.17,21.48,21.62,20.99,122677,271395680.0,2.91,-0.69,-0.15,1.92
东方电缆,603606,2020-09-07,21.38,21.0,21.87,20.78,123240,272533552.0,5.07,-2.23,-0.48,1.93
东方电缆,603606,2020-09-08,20.88,20.77,21.1,20.28,122465,262729071.0,3.9,-1.1,-0.23,1.92
东方电缆,603606,2020-09-09,20.67,20.24,20.78,19.98,119753,254043100.0,3.85,-2.55,-0.53,1.87
东方电缆,603606,2020-09-10,20.56,19.87,20.82,19.84,110091,232604311.0,4.84,-1.83,-0.37,1.72
东方电缆,603606,2020-09-11,19.72,21.03,21.26,19.72,210867,455184528.0,7.75,5.84,1.16,3.3
东方电缆,603606,2020-09-14,21.47,21.73,22.27,21.18,224266,508570544.0,5.18,3.33,0.7,3.51
东方电缆,603606,2020-09-15,21.75,21.56,21.79,21.33,110745,247700795.0,2.12,-0.78,-0.17,1.73
东方电缆,603606,2020-09-16,21.68,22.17,22.42,21.64,164284,377050768.0,3.62,2.83,0.61,2.57
东方电缆,603606,2020-09-17,22.0,22.26,22.62,22.0,141080,326125936.0,2.8,0.41,0.09,2.21
东方电缆,603606,2020-09-18,22.25,23.22,23.32,22.12,153969,365248672.0,5.39,4.31,0.96,2.41
东方电缆,603606,2020-09-21,23.37,23.3,23.63,22.69,118187,282181168.0,4.05,0.34,0.08,1.85
东方电缆,603606,2020-09-22,23.18,23.2,23.83,23.13,140111,339542896.0,3.0,-0.43,-0.1,2.19
东方电缆,603606,2020-09-23,23.33,23.26,23.54,22.75,133316,319595024.0,3.41,0.26,0.06,2.09
东方电缆,603606,2020-09-24,22.84,21.73,22.84,21.51,166412,380787824.0,5.72,-6.58,-1.53,2.6
东方电缆,603606,2020-09-25,21.97,21.95,22.32,21.58,112252,256007877.0,3.41,1.01,0.22,1.76
东方电缆,603606,2020-09-28,22.17,22.31,22.61,22.01,126561,293087232.0,2.73,1.64,0.36,1.98
东方电缆,603606,2020-09-29,22.59,22.81,23.1,22.37,100292,237000684.0,3.27,2.24,0.5,1.57
东方电缆,603606,2020-09-30,23.03,23.31,23.57,22.85,131574,316639168.0,3.16,2.19,0.5,2.06
东方电缆,603606,2020-10-09,24.19,24.07,24.81,23.89,221204,556856352.0,3.95,3.26,0.76,3.46
东方电缆,603606,2020-10-12,24.37,24.91,25.07,23.99,254937,644434128.0,4.49,3.49,0.84,3.99
东方电缆,603606,2020-10-13,24.59,24.53,24.65,24.19,134615,339597040.0,1.85,-1.53,-0.38,2.11
东方电缆,603606,2020-10-14,24.5,27.07,27.07,24.5,266536,719921296.0,10.48,10.35,2.54,4.17
东方电缆,603606,2020-10-15,27.87,28.35,28.91,27.5,416967,1214803536.0,5.21,4.73,1.28,6.53
东方电缆,603606,2020-10-16,28.47,26.99,28.67,26.67,267467,754554272.0,7.05,-4.8,-1.36,4.19
东方电缆,603606,2020-10-19,27.0,24.21,27.25,24.21,333855,863707504.0,11.26,-10.3,-2.78,5.23
东方电缆,603606,2020-10-20,23.67,23.5,23.85,22.23,434679,1033927536.0,6.69,-2.93,-0.71,6.8
东方电缆,603606,2020-10-21,23.5,21.72,23.5,21.17,407297,931710672.0,9.91,-7.57,-1.78,6.38
东方电缆,603606,2020-10-22,21.34,22.19,22.34,20.59,266909,592243872.0,8.06,2.16,0.47,4.18
东方电缆,603606,2020-10-23,21.47,20.92,21.89,20.69,274551,605625392.0,5.41,-5.72,-1.27,4.3
东方电缆,603606,2020-10-26,20.93,21.23,21.62,20.32,177177,389370272.0,6.21,1.48,0.31,2.77
东方电缆,603606,2020-10-27,20.97,21.32,21.49,20.72,139696,306621680.0,3.63,0.42,0.09,2.19
东方电缆,603606,2020-10-28,21.33,21.92,22.15,21.12,179039,404308768.0,4.83,2.81,0.6,2.8
东方电缆,603606,2020-10-29,21.57,21.81,22.35,21.47,174034,397021296.0,4.01,-0.5,-0.11,2.72
东方电缆,603606,2020-10-30,21.77,21.04,21.86,21.03,149861,332619728.0,3.81,-3.53,-0.77,2.35
东方电缆,603606,2020-11-02,21.01,20.92,21.34,20.63,127795,280048384.0,3.37,-0.57,-0.12,2.0
东方电缆,603606,2020-11-03,20.87,20.97,21.12,20.25,147946,317956816.0,4.16,0.24,0.05,2.32
东方电缆,603606,2020-11-04,21.08,20.53,21.47,20.37,140891,303718736.0,5.25,-2.1,-0.44,2.21
东方电缆,603606,2020-11-05,20.73,20.87,21.0,20.45,142755,308781376.0,2.68,1.66,0.34,2.23
东方电缆,603606,2020-11-06,21.02,20.49,21.1,20.37,110847,237194127.0,3.5,-1.82,-0.38,1.74
东方电缆,603606,2020-11-09,20.57,20.7,20.91,20.25,128883,276944048.0,3.22,1.02,0.21,2.02
东方电缆,603606,2020-11-10,20.67,20.3,20.73,20.13,115849,245061421.0,2.9,-1.93,-0.4,1.81
东方电缆,603606,2020-11-11,20.3,19.86,20.37,19.78,99116,206648555.0,2.91,-2.17,-0.44,1.55
东方电缆,603606,2020-11-12,20.04,20.79,21.42,19.98,229714,497692896.0,7.25,4.68,0.93,3.6
东方电缆,603606,2020-11-13,20.79,20.42,20.83,19.99,118137,249486243.0,4.04,-1.78,-0.37,1.85
东方电缆,603606,2020-11-16,20.42,19.97,20.52,19.79,130254,271203040.0,3.57,-2.2,-0.45,2.04
东方电缆,603606,2020-11-17,19.98,19.55,19.98,19.27,113765,231121671.0,3.56,-2.1,-0.42,1.78
东方电缆,603606,2020-11-18,19.48,19.62,19.86,19.4,71969,147439706.0,2.35,0.36,0.07,1.13
东方电缆,603606,2020-11-19,19.74,20.41,20.42,19.62,135113,283699040.0,4.08,4.03,0.79,2.11
东方电缆,603606,2020-11-20,20.47,20.92,21.06,20.17,135591,291980608.0,4.36,2.5,0.51,2.12
东方电缆,603606,2020-11-23,21.11,21.22,21.57,21.03,156629,346978880.0,2.58,1.43,0.3,2.45
东方电缆,603606,2020-11-24,21.19,21.37,21.43,20.92,100916,223185195.0,2.4,0.71,0.15,1.58
东方电缆,603606,2020-11-25,21.37,21.01,21.45,21.0,96363,212058566.0,2.11,-1.68,-0.36,1.51
东方电缆,603606,2020-11-26,20.99,20.72,21.14,20.37,83685,179711290.0,3.66,-1.38,-0.29,1.31
东方电缆,603606,2020-11-27,20.66,20.56,20.67,20.27,56625,120341613.0,1.93,-0.77,-0.16,0.89
东方电缆,603606,2020-11-30,20.55,20.47,20.74,20.07,95799,203824567.0,3.26,-0.44,-0.09,1.5
东方电缆,603606,2020-12-01,20.55,21.22,21.26,20.53,103593,226475597.0,3.57,3.66,0.75,1.62
东方电缆,603606,2020-12-02,21.34,21.01,21.35,20.77,84441,184458576.0,2.73,-0.99,-0.21,1.32
东方电缆,603606,2020-12-03,21.04,20.82,21.13,20.7,61328,133118912.0,2.05,-0.9,-0.19,0.96
东方电缆,603606,2020-12-04,20.94,21.02,21.04,20.7,52004,113152505.0,1.63,0.96,0.2,0.81
东方电缆,603606,2020-12-07,21.01,21.42,21.79,20.84,138862,310346768.0,4.52,1.9,0.4,2.17
东方电缆,603606,2020-12-08,21.51,21.3,21.81,21.15,104852,232406765.0,3.08,-0.56,-0.12,1.64
东方电缆,603606,2020-12-09,21.22,20.95,21.55,20.87,76547,168448010.0,3.19,-1.64,-0.35,1.2
东方电缆,603606,2020-12-10,20.73,21.22,21.37,20.59,104783,228891822.0,3.72,1.29,0.27,1.64
东方电缆,603606,2020-12-11,21.22,20.25,21.39,20.0,150694,323323024.0,6.55,-4.57,-0.97,2.36
东方电缆,603606,2020-12-14,20.47,20.97,21.22,20.42,141585,307238832.0,3.95,3.56,0.72,2.22
东方电缆,603606,2020-12-15,20.76,20.74,21.04,20.36,104087,223539190.0,3.24,-1.1,-0.23,1.63
东方电缆,603606,2020-12-16,20.71,20.96,21.25,20.71,94723,207190207.0,2.6,1.06,0.22,1.48
东方电缆,603606,2020-12-17,20.94,20.91,21.02,20.39,99845,214851270.0,3.01,-0.24,-0.05,1.56
东方电缆,603606,2020-12-18,20.89,22.29,23.07,20.73,347322,810757584.0,11.19,6.6,1.38,5.31
东方电缆,603606,2020-12-21,22.89,23.12,23.32,22.42,254436,604701264.0,4.04,3.72,0.83,3.89
东方电缆,603606,2020-12-22,23.17,23.29,24.11,23.13,292655,714942336.0,4.24,0.74,0.17,4.47
东方电缆,603606,2020-12-23,23.63,24.02,24.61,23.54,324308,809083088.0,4.59,3.13,0.73,4.96
东方电缆,603606,2020-12-24,23.77,24.33,24.81,23.57,222929,561400640.0,5.16,1.29,0.31,3.41
东方电缆,603606,2020-12-25,24.17,24.07,24.37,23.22,203881,502680720.0,4.73,-1.07,-0.26,3.12
东方电缆,603606,2020-12-28,24.37,24.15,24.79,23.43,181094,450526768.0,5.65,0.33,0.08,2.77
东方电缆,603606,2020-12-29,24.26,23.32,24.45,22.98,175383,425029056.0,6.09,-3.44,-0.83,2.68
东方电缆,603606,2020-12-30,23.27,23.3,23.77,23.1,123343,299271360.0,2.87,-0.09,-0.02,1.89
东方电缆,603606,2020-12-31,23.73,24.12,24.34,23.67,167724,417109888.0,2.88,3.52,0.82,2.56
东方电缆,603606,2021-01-04,24.1,25.57,25.65,24.02,243365,633335824.0,6.76,6.01,1.45,3.72
东方电缆,603606,2021-01-05,25.57,25.86,26.1,25.02,193411,511713920.0,4.22,1.13,0.29,2.96
东方电缆,603606,2021-01-06,25.85,25.38,25.85,24.98,156601,408821392.0,3.36,-1.86,-0.48,2.39
东方电缆,603606,2021-01-07,25.27,25.56,26.05,24.67,227300,595204160.0,5.44,0.71,0.18,3.47
东方电缆,603606,2021-01-08,25.88,25.09,26.02,24.54,176853,460685024.0,5.79,-1.84,-0.47,2.7
东方电缆,603606,2021-01-11,25.1,24.44,25.36,24.17,156232,399551344.0,4.74,-2.59,-0.65,2.39
东方电缆,603606,2021-01-12,24.17,24.36,24.8,23.97,124077,312270832.0,3.4,-0.33,-0.08,1.9
东方电缆,603606,2021-01-13,24.36,25.89,26.27,24.36,224099,590652800.0,7.84,6.28,1.53,3.43
东方电缆,603606,2021-01-14,25.87,25.2,26.66,24.96,181263,480143824.0,6.57,-2.67,-0.69,2.77
东方电缆,603606,2021-01-15,25.14,25.25,25.41,24.47,145029,373099168.0,3.73,0.2,0.05,2.22
东方电缆,603606,2021-01-18,25.18,26.05,26.12,24.67,162687,429363680.0,5.74,3.17,0.8,2.49
东方电缆,603606,2021-01-19,26.23,24.44,26.56,24.27,320119,835959376.0,8.79,-6.18,-1.61,4.89
东方电缆,603606,2021-01-20,24.18,24.27,24.87,23.78,152675,384038320.0,4.46,-0.7,-0.17,2.33
东方电缆,603606,2021-01-21,24.17,25.79,25.95,24.17,232011,607866320.0,7.33,6.26,1.52,3.55
东方电缆,603606,2021-01-22,25.79,26.82,26.85,25.44,249948,677048816.0,5.47,3.99,1.03,3.82
东方电缆,603606,2021-01-25,26.82,27.8,28.13,26.33,311737,880669856.0,6.71,3.65,0.98,4.77
东方电缆,603606,2021-01-26,27.42,27.94,28.1,27.0,191731,543958672.0,3.96,0.5,0.14,2.93
东方电缆,603606,2021-01-27,27.17,27.07,27.56,25.87,220031,609810224.0,6.05,-3.11,-0.87,3.36
东方电缆,603606,2021-01-28,26.67,26.01,27.56,25.57,170550,465889056.0,7.35,-3.92,-1.06,2.61
东方电缆,603606,2021-01-29,26.0,25.47,26.61,24.88,154797,412468416.0,6.65,-2.08,-0.54,2.37
东方电缆,603606,2021-02-01,25.47,26.32,26.44,25.19,129184,344099648.0,4.91,3.34,0.85,1.97
东方电缆,603606,2021-02-02,26.22,25.33,26.42,24.65,194821,509076896.0,6.72,-3.76,-0.99,2.98
东方电缆,603606,2021-02-03,25.48,24.24,25.73,24.09,190516,487165248.0,6.47,-4.3,-1.09,2.91
东方电缆,603606,2021-02-04,24.18,23.62,24.61,23.38,148441,367538960.0,5.07,-2.56,-0.62,2.27
东方电缆,603606,2021-02-05,23.78,22.33,24.29,22.33,169625,406392592.0,8.3,-5.46,-1.29,2.59
东方电缆,603606,2021-02-08,22.37,22.53,22.79,21.76,143117,331344128.0,4.61,0.9,0.2,2.19
东方电缆,603606,2021-02-09,22.41,23.29,23.58,22.39,115735,277742944.0,5.28,3.37,0.76,1.77
东方电缆,603606,2021-02-10,23.3,23.41,23.73,23.08,119130,288326528.0,2.79,0.52,0.12,1.82
东方电缆,603606,2021-02-18,23.85,22.85,24.12,22.49,146138,349819600.0,6.96,-2.39,-0.56,2.23
东方电缆,603606,2021-02-19,22.81,23.52,23.59,22.39,104903,250033345.0,5.25,2.93,0.67,1.6
东方电缆,603606,2021-02-22,23.52,23.27,24.26,23.15,129813,318723456.0,4.72,-1.06,-0.25,1.98
东方电缆,603606,2021-02-23,23.66,24.12,24.33,23.42,132731,328950464.0,3.91,3.65,0.85,2.03
东方电缆,603606,2021-02-24,24.16,23.16,24.16,23.0,129013,313100096.0,4.81,-3.98,-0.96,1.97
东方电缆,603606,2021-02-25,23.28,22.19,23.47,22.09,128257,297277232.0,5.96,-4.19,-0.97,1.96
东方电缆,603606,2021-02-26,21.69,21.58,22.15,21.5,109289,245951131.0,2.93,-2.75,-0.61,1.67
东方电缆,603606,2021-03-01,21.66,21.83,22.03,21.51,87824,198137168.0,2.41,1.16,0.25,1.34
东方电缆,603606,2021-03-02,22.06,22.09,22.31,21.48,98991,224912812.0,3.8,1.19,0.26,1.51
东方电缆,603606,2021-03-03,22.09,22.03,22.1,21.57,78365,177572971.0,2.4,-0.27,-0.06,1.2
东方电缆,603606,2021-03-04,21.97,21.57,21.97,21.49,75748,170051342.0,2.18,-2.09,-0.46,1.16
东方电缆,603606,2021-03-05,21.27,21.66,21.85,20.98,62424,139630782.0,4.03,0.42,0.09,0.95
东方电缆,603606,2021-03-08,21.87,21.03,22.13,21.02,111269,249033421.0,5.12,-2.91,-0.63,1.7
东方电缆,603606,2021-03-09,21.03,20.17,21.09,19.68,116512,246810820.0,6.7,-4.09,-0.86,1.78
东方电缆,603606,2021-03-10,20.64,20.02,20.82,19.92,63473,133570835.0,4.46,-0.74,-0.15,0.97
东方电缆,603606,2021-03-11,20.06,20.32,20.54,19.78,61702,130429980.0,3.8,1.5,0.3,0.94
东方电缆,603606,2021-03-12,20.54,20.76,20.82,20.41,84088,180579241.0,2.02,2.17,0.44,1.29
东方电缆,603606,2021-03-15,20.75,20.87,21.01,20.45,77844,168008278.0,2.7,0.53,0.11,1.19
东方电缆,603606,2021-03-16,20.96,20.72,21.03,20.0,85552,182887518.0,4.94,-0.72,-0.15,1.31
东方电缆,603606,2021-03-17,20.67,20.88,21.24,20.45,67111,145909998.0,3.81,0.77,0.16,1.03
东方电缆,603606,2021-03-18,20.9,21.63,21.67,20.9,110033,244059010.0,3.69,3.59,0.75,1.68
东方电缆,603606,2021-03-19,21.48,21.97,22.42,21.27,134782,307962304.0,5.32,1.57,0.34,2.06
东方电缆,603606,2021-03-22,22.1,22.22,22.5,21.62,101124,231937888.0,4.01,1.14,0.25,1.55
东方电缆,603606,2021-03-23,22.23,22.28,22.32,21.85,85431,195906784.0,2.12,0.27,0.06,1.31
东方电缆,603606,2021-03-24,21.97,21.18,22.22,21.02,100980,225327155.0,5.39,-4.94,-1.1,1.54
东方电缆,603606,2021-03-25,21.46,20.99,21.47,20.55,70193,152692519.0,4.34,-0.9,-0.19,1.07
东方电缆,603606,2021-03-26,21.13,22.34,22.72,21.02,147848,339225696.0,8.1,6.43,1.35,2.26
东方电缆,603606,2021-03-29,22.33,22.34,22.64,21.98,153851,354779264.0,2.95,0.0,0.0,2.35
东方电缆,603606,2021-03-30,22.07,22.65,23.01,21.95,146554,343593056.0,4.74,1.39,0.31,2.24
东方电缆,603606,2021-03-31,22.85,22.64,22.97,22.34,92605,217971683.0,2.78,-0.04,-0.01,1.42
东方电缆,603606,2021-04-01,22.63,22.4,22.78,22.23,70974,164869989.0,2.43,-1.06,-0.24,1.09
东方电缆,603606,2021-04-02,22.37,22.35,22.47,21.94,64982,150057640.0,2.37,-0.22,-0.05,0.99
东方电缆,603606,2021-04-06,22.35,22.11,22.55,21.86,73651,168592567.0,3.09,-1.07,-0.24,1.13
东方电缆,603606,2021-04-07,21.95,21.94,22.22,21.77,60019,136673572.0,2.04,-0.77,-0.17,0.92
东方电缆,603606,2021-04-08,21.92,21.36,21.93,21.23,88219,197152324.0,3.19,-2.64,-0.58,1.35
东方电缆,603606,2021-04-09,21.97,21.94,22.64,21.73,156877,361550528.0,4.26,2.72,0.58,2.4
东方电缆,603606,2021-04-12,21.47,21.37,22.07,21.37,83425,186964834.0,3.19,-2.6,-0.57,1.28
东方电缆,603606,2021-04-13,21.3,21.17,21.43,20.88,51862,113995831.0,2.57,-0.94,-0.2,0.79
东方电缆,603606,2021-04-14,21.17,21.18,21.35,20.9,48437,106281109.0,2.13,0.05,0.01,0.74
东方电缆,603606,2021-04-15,20.97,21.26,21.42,20.89,50405,111124012.0,2.5,0.38,0.08,0.77
东方电缆,603606,2021-04-16,21.11,21.15,21.42,20.99,57366,125818087.0,2.02,-0.52,-0.11,0.88
东方电缆,603606,2021-04-19,21.07,21.47,21.63,20.92,87685,193989666.0,3.36,1.51,0.32,1.34
东方电缆,603606,2021-04-20,21.46,21.59,21.75,21.28,77512,173430033.0,2.19,0.56,0.12,1.19
东方电缆,603606,2021-04-21,21.85,21.84,22.19,21.39,143480,325764480.0,3.71,1.16,0.25,2.19
东方电缆,603606,2021-04-22,21.91,21.73,22.21,21.71,73518,167019265.0,2.29,-0.5,-0.11,1.12
东方电缆,603606,2021-04-23,21.84,22.07,22.26,21.79,87563,200573539.0,2.16,1.56,0.34,1.34
东方电缆,603606,2021-04-26,22.05,21.97,22.42,21.81,95453,219616384.0,2.76,-0.45,-0.1,1.46
东方电缆,603606,2021-04-27,21.9,21.72,22.05,21.67,55173,124906868.0,1.73,-1.14,-0.25,0.84
东方电缆,603606,2021-04-28,21.78,22.33,22.57,21.74,98981,228882857.0,3.82,2.81,0.61,1.51
东方电缆,603606,2021-04-29,22.41,22.14,22.78,22.11,98154,228320797.0,3.0,-0.85,-0.19,1.5
东方电缆,603606,2021-04-30,22.03,21.87,22.17,21.73,73178,166579634.0,1.99,-1.22,-0.27,1.12
东方电缆,603606,2021-05-06,21.75,20.91,21.75,20.91,113210,249593515.0,3.84,-4.39,-0.96,1.73
东方电缆,603606,2021-05-07,20.9,20.38,21.14,20.23,115023,246403730.0,4.35,-2.53,-0.53,1.76
东方电缆,603606,2021-05-10,20.27,19.42,20.27,19.21,135535,277643168.0,5.2,-4.71,-0.96,2.07
东方电缆,603606,2021-05-11,19.35,18.87,19.46,18.48,116302,228938209.0,5.05,-2.83,-0.55,1.78
东方电缆,603606,2021-05-12,18.87,18.43,18.92,17.91,144019,277036720.0,5.35,-2.33,-0.44,2.2
东方电缆,603606,2021-05-13,18.43,18.71,19.04,18.33,98462,193096829.0,3.85,1.52,0.28,1.51
东方电缆,603606,2021-05-14,18.47,18.93,18.96,18.47,57894,113832595.0,2.62,1.18,0.22,0.89
东方电缆,603606,2021-05-17,18.94,19.14,19.31,18.92,60942,121802610.0,2.06,1.11,0.21,0.93
东方电缆,603606,2021-05-18,19.14,18.79,19.16,18.52,69326,135472767.0,3.34,-1.83,-0.35,1.06
东方电缆,603606,2021-05-19,18.72,18.52,18.9,18.47,67877,132146802.0,2.29,-1.44,-0.27,1.04
东方电缆,603606,2021-05-20,18.66,18.83,19.23,18.66,91102,180308662.0,3.08,1.67,0.31,1.39
东方电缆,603606,2021-05-21,18.83,18.85,19.12,18.58,58962,115924679.0,2.87,0.11,0.02,0.9
东方电缆,603606,2021-05-24,18.7,19.0,19.13,18.4,68594,134814340.0,3.87,0.8,0.15,1.05
东方电缆,603606,2021-05-25,18.81,18.98,19.07,18.68,85407,167943157.0,2.05,-0.11,-0.02,1.31
东方电缆,603606,2021-05-26,19.07,19.18,19.36,19.04,76859,153967525.0,1.69,1.05,0.2,1.18
东方电缆,603606,2021-05-27,19.35,19.14,19.35,19.0,54328,106918168.0,1.82,-0.21,-0.04,0.83
东方电缆,603606,2021-05-28,19.13,19.48,19.69,19.06,90129,180982425.0,3.29,1.78,0.34,1.38
东方电缆,603606,2021-05-31,19.4,19.44,19.49,19.2,83428,166312683.0,1.49,-0.21,-0.04,1.28
东方电缆,603606,2021-06-01,19.25,19.68,19.72,19.14,92677,185940750.0,2.98,1.23,0.24,1.42
东方电缆,603606,2021-06-02,19.68,19.34,19.74,19.31,63394,127175965.0,2.18,-1.73,-0.34,0.97
东方电缆,603606,2021-06-03,19.52,21.33,21.33,19.4,310006,663346640.0,9.98,10.29,1.99,4.74
东方电缆,603606,2021-06-04,21.01,20.65,21.53,20.37,261938,560850752.0,5.44,-3.19,-0.68,4.0
东方电缆,603606,2021-06-07,20.61,20.05,20.61,19.81,166025,343564416.0,3.87,-2.91,-0.6,2.54
东方电缆,603606,2021-06-08,20.02,18.83,20.02,18.8,244466,485851936.0,6.08,-6.08,-1.22,3.74
东方电缆,603606,2021-06-09,18.88,18.61,18.91,18.4,112574,216612586.0,2.71,-1.17,-0.22,1.72
东方电缆,603606,2021-06-10,18.56,18.97,19.05,18.52,96082,187398725.0,2.85,1.93,0.36,1.47
东方电缆,603606,2021-06-11,18.97,18.64,19.01,18.58,81855,157908354.0,2.27,-1.74,-0.33,1.25
东方电缆,603606,2021-06-15,18.98,18.76,19.01,18.61,60938,118060297.0,2.15,0.64,0.12,0.93
东方电缆,603606,2021-06-16,18.8,18.3,18.8,18.13,78414,148635759.0,3.57,-2.45,-0.46,1.2
东方电缆,603606,2021-06-17,18.3,18.32,18.44,18.25,55503,105110555.0,1.04,0.11,0.02,0.85
东方电缆,603606,2021-06-18,18.32,18.36,18.36,18.01,69138,129667551.0,1.91,0.22,0.04,1.06
东方电缆,603606,2021-06-21,18.43,18.79,18.95,18.38,77349,149569350.0,3.1,2.34,0.43,1.18
东方电缆,603606,2021-06-22,18.82,19.44,19.55,18.82,106083,211182655.0,3.89,3.46,0.65,1.62
东方电缆,603606,2021-06-23,19.5,19.38,19.52,19.0,91910,181812942.0,2.67,-0.31,-0.06,1.41
东方电缆,603606,2021-06-24,19.21,19.64,19.81,19.21,86109,173806488.0,3.1,1.34,0.26,1.32
东方电缆,603606,2021-06-25,19.5,19.57,19.71,19.35,66144,133067908.0,1.83,-0.36,-0.07,1.01
东方电缆,603606,2021-06-28,19.59,19.59,19.8,19.5,64359,130287461.0,1.53,0.1,0.02,0.98
东方电缆,603606,2021-06-29,19.56,19.62,19.77,19.41,66372,134077066.0,1.84,0.15,0.03,1.01
东方电缆,603606,2021-06-30,19.62,19.54,19.64,19.36,54034,108555147.0,1.43,-0.41,-0.08,0.83
东方电缆,603606,2021-07-01,19.41,19.14,19.57,19.03,68676,136466846.0,2.76,-2.05,-0.4,1.05
东方电缆,603606,2021-07-02,19.28,19.23,19.8,19.2,80238,161202507.0,3.13,0.47,0.09,1.23
东方电缆,603606,2021-07-05,19.23,19.18,19.7,19.07,80136,159522824.0,3.28,-0.26,-0.05,1.23
东方电缆,603606,2021-07-06,19.22,19.4,19.68,19.18,78995,157939937.0,2.61,1.15,0.22,1.21
东方电缆,603606,2021-07-07,19.4,19.91,20.05,19.21,114036,232420859.0,4.33,2.63,0.51,1.74
东方电缆,603606,2021-07-08,19.92,19.88,20.13,19.7,74035,151754142.0,2.16,-0.15,-0.03,1.13
东方电缆,603606,2021-07-09,20.4,20.74,21.19,19.7,203924,429600048.0,7.49,4.33,0.86,3.12
东方电缆,603606,2021-07-12,21.2,20.88,21.24,20.59,139493,300069520.0,3.13,0.68,0.14,2.13
东方电缆,603606,2021-07-13,20.97,21.65,21.72,20.63,138456,302646128.0,5.22,3.69,0.77,2.12
东方电缆,603606,2021-07-14,21.89,21.7,22.43,21.48,157711,356218096.0,4.39,0.23,0.05,2.41
东方电缆,603606,2021-07-15,21.7,21.98,22.15,21.05,131872,293693904.0,5.07,1.29,0.28,2.02
东方电缆,603606,2021-07-16,21.93,21.94,22.25,21.71,83424,188373039.0,2.46,-0.18,-0.04,1.28
东方电缆,603606,2021-07-19,21.85,22.0,22.39,21.71,85482,194223828.0,3.1,0.27,0.06,1.31
东方电缆,603606,2021-07-20,21.62,21.73,22.25,21.52,89149,199672722.0,3.32,-1.23,-0.27,1.36
东方电缆,603606,2021-07-21,21.85,22.42,22.6,21.76,145626,333791904.0,3.87,3.18,0.69,2.23
东方电缆,603606,2021-07-22,22.39,22.42,22.54,22.05,98766,225788827.0,2.19,0.0,0.0,1.51
东方电缆,603606,2021-07-23,22.31,22.99,23.55,22.1,190775,447599520.0,6.47,2.54,0.57,2.92
东方电缆,603606,2021-07-26,23.25,22.56,23.25,22.18,173680,404028704.0,4.65,-1.87,-0.43,2.66
东方电缆,603606,2021-07-27,22.88,22.72,24.3,22.67,243501,590591024.0,7.23,0.71,0.16,3.72
东方电缆,603606,2021-07-28,22.6,22.2,23.06,21.33,148940,339594336.0,7.61,-2.29,-0.52,2.28
东方电缆,603606,2021-07-29,22.49,23.2,23.41,22.35,192110,454642624.0,4.77,4.5,1.0,2.94
东方电缆,603606,2021-07-30,23.51,24.08,24.09,22.55,274335,660648640.0,6.64,3.79,0.88,4.19
东方电缆,603606,2021-08-02,24.45,24.04,25.18,23.75,329342,827675760.0,5.94,-0.17,-0.04,5.03
东方电缆,603606,2021-08-03,23.97,24.05,24.95,23.79,209235,520338160.0,4.83,0.04,0.01,3.2
东方电缆,603606,2021-08-04,24.05,25.22,25.28,23.68,215559,542046384.0,6.65,4.86,1.17,3.3
东方电缆,603606,2021-08-05,24.85,24.87,25.22,24.46,183091,464546864.0,3.01,-1.39,-0.35,2.8
东方电缆,603606,2021-08-06,24.6,25.19,25.44,24.21,139538,355100416.0,4.95,1.29,0.32,2.13
东方电缆,603606,2021-08-09,25.19,24.6,25.48,24.22,128957,326550032.0,5.0,-2.34,-0.59,1.97
东方电缆,603606,2021-08-10,24.46,24.49,25.05,24.22,130749,329274720.0,3.37,-0.45,-0.11,2.0
东方电缆,603606,2021-08-11,24.46,24.17,24.59,23.71,126715,313330240.0,3.59,-1.31,-0.32,1.94
东方电缆,603606,2021-08-12,24.15,23.56,24.17,23.47,139062,338173216.0,2.9,-2.52,-0.61,2.13
东方电缆,603606,2021-08-13,23.65,23.49,23.78,22.8,153751,367063552.0,4.16,-0.3,-0.07,2.35
东方电缆,603606,2021-08-16,23.26,22.71,23.31,22.7,120627,283415824.0,2.6,-3.32,-0.78,1.84
东方电缆,603606,2021-08-17,22.83,22.28,23.15,22.04,129413,298859952.0,4.89,-1.89,-0.43,1.98
东方电缆,603606,2021-08-18,22.2,22.27,22.42,21.97,78856,179727220.0,2.02,-0.04,-0.01,1.21
东方电缆,603606,2021-08-19,22.27,22.6,22.96,22.15,110468,256461343.0,3.64,1.48,0.33,1.69
东方电缆,603606,2021-08-20,22.66,22.65,22.94,22.16,80743,187204165.0,3.45,0.22,0.05,1.23
东方电缆,603606,2021-08-23,22.66,24.9,24.96,22.66,344975,862730112.0,10.15,9.93,2.25,5.27
东方电缆,603606,2021-08-24,24.8,24.7,25.0,24.4,170800,432258288.0,2.41,-0.8,-0.2,2.61
东方电缆,603606,2021-08-25,24.61,24.72,24.89,24.0,134568,337219104.0,3.6,0.08,0.02,2.06
东方电缆,603606,2021-08-26,24.74,24.05,24.98,24.03,129395,323136704.0,3.84,-2.71,-0.67,1.98
东方电缆,603606,2021-08-27,23.79,24.78,25.18,23.71,149946,376439408.0,6.11,3.04,0.73,2.29
东方电缆,603606,2021-08-30,24.8,24.83,25.2,24.41,156164,397474960.0,3.19,0.2,0.05,2.39
东方电缆,603606,2021-08-31,24.83,24.5,24.83,24.1,103621,258461324.0,2.94,-1.33,-0.33,1.58
东方电缆,603606,2021-09-01,24.37,23.44,24.37,22.4,139132,336963296.0,8.04,-4.33,-1.06,2.13
东方电缆,603606,2021-09-02,23.44,25.45,25.84,23.4,368216,951423600.0,10.41,8.58,2.01,5.63
东方电缆,603606,2021-09-03,25.44,25.8,27.98,25.39,411268,1121014000.0,10.18,1.38,0.35,6.29
东方电缆,603606,2021-09-06,26.56,25.54,26.8,24.81,245211,639828704.0,7.71,-1.01,-0.26,3.75
东方电缆,603606,2021-09-07,25.54,27.3,27.6,25.4,289862,796385952.0,8.61,6.89,1.76,4.43
东方电缆,603606,2021-09-08,27.4,26.76,27.59,26.55,201442,556669296.0,3.81,-1.98,-0.54,3.08
东方电缆,603606,2021-09-09,27.4,27.34,27.93,26.6,254773,709495312.0,4.97,2.17,0.58,3.89
东方电缆,603606,2021-09-10,27.38,26.12,27.89,26.08,210050,575301216.0,6.62,-4.46,-1.22,3.21
东方电缆,603606,2021-09-13,25.71,26.49,26.69,25.44,152112,405691824.0,4.79,1.42,0.37,2.33
东方电缆,603606,2021-09-14,26.5,25.83,26.78,25.66,118855,317860000.0,4.23,-2.49,-0.66,1.82
东方电缆,603606,2021-09-15,25.83,28.47,28.47,25.53,428663,1221169328.0,11.38,10.22,2.64,6.55
东方电缆,603606,2021-09-16,28.4,27.56,29.26,27.08,371146,1067155920.0,7.66,-3.2,-0.91,5.67
东方电缆,603606,2021-09-17,27.19,29.5,30.05,27.0,419297,1239809056.0,11.07,7.04,1.94,6.41
东方电缆,603606,2021-09-22,28.75,30.97,31.8,28.73,378756,1175191088.0,10.41,4.98,1.47,5.79
东方电缆,603606,2021-09-23,30.41,31.39,33.1,30.41,373160,1213624928.0,8.69,1.36,0.42,5.7
东方电缆,603606,2021-09-24,31.22,30.0,31.22,29.74,242033,749285792.0,4.71,-4.43,-1.39,3.7
东方电缆,603606,2021-09-27,30.7,28.29,30.9,26.94,364599,1043172992.0,13.2,-5.7,-1.71,5.57
东方电缆,603606,2021-09-28,28.03,28.26,29.06,27.82,180302,525295136.0,4.38,-0.11,-0.03,2.76
东方电缆,603606,2021-09-29,27.95,27.77,28.77,27.63,133996,384789696.0,4.03,-1.73,-0.49,2.05
东方电缆,603606,2021-09-30,28.41,29.2,29.65,27.73,198192,587840640.0,6.91,5.15,1.43,3.03
东方电缆,603606,2021-10-08,29.43,28.09,29.84,27.6,146586,424061136.0,7.67,-3.8,-1.11,2.24
东方电缆,603606,2021-10-11,28.29,28.37,28.62,26.79,123875,353178224.0,6.51,1.0,0.28,1.89
东方电缆,603606,2021-10-12,29.4,31.27,31.27,29.4,468438,1470438336.0,6.59,10.22,2.9,7.16
东方电缆,603606,2021-10-13,31.27,32.04,33.4,30.0,397952,1294811264.0,10.87,2.46,0.77,6.08
东方电缆,603606,2021-10-14,32.05,33.12,33.98,31.08,291463,978028288.0,9.05,3.37,1.08,4.46
东方电缆,603606,2021-10-15,33.34,32.23,33.34,31.51,178317,587446048.0,5.53,-2.69,-0.89,2.73
东方电缆,603606,2021-10-18,32.95,34.5,34.65,32.66,301388,1028807584.0,6.17,7.04,2.27,4.61
东方电缆,603606,2021-10-19,33.6,34.87,35.36,33.45,208681,730906896.0,5.54,1.07,0.37,3.19
东方电缆,603606,2021-10-20,34.37,37.4,37.99,34.26,308983,1157324000.0,10.7,7.26,2.53,4.72
东方电缆,603606,2021-10-21,37.89,35.9,37.9,35.66,181874,675993968.0,5.99,-4.01,-1.5,2.78
东方电缆,603606,2021-10-22,34.67,33.56,34.67,32.75,358751,1227205920.0,5.35,-6.52,-2.34,5.48
东方电缆,603606,2021-10-25,33.5,34.64,34.96,33.06,200399,701456816.0,5.66,3.22,1.08,3.06
东方电缆,603606,2021-10-26,34.96,35.19,36.69,34.29,240123,873799296.0,6.93,1.59,0.55,3.67
东方电缆,603606,2021-10-27,34.4,38.77,38.77,34.4,341690,1324545680.0,12.42,10.17,3.58,5.22
东方电缆,603606,2021-10-28,39.83,42.28,42.71,38.8,566911,2403248032.0,10.09,9.05,3.51,8.67
东方电缆,603606,2021-10-29,42.34,44.52,46.2,39.68,501714,2162038832.0,15.42,5.3,2.24,7.67
东方电缆,603606,2021-11-01,44.6,46.84,49.03,43.76,455335,2145749808.0,11.84,5.21,2.32,6.96
东方电缆,603606,2021-11-02,46.84,45.95,47.69,44.99,315003,1472283296.0,5.76,-1.9,-0.89,4.82
东方电缆,603606,2021-11-03,45.3,46.26,46.7,43.4,287270,1312917568.0,7.18,0.67,0.31,4.39
东方电缆,603606,2021-11-04,46.5,50.4,50.9,46.5,454728,2287198192.0,9.51,8.95,4.14,6.95
东方电缆,603606,2021-11-05,50.34,49.36,51.4,48.47,275253,1382488848.0,5.81,-2.06,-1.04,4.21
东方电缆,603606,2021-11-08,49.55,47.86,49.98,46.28,303510,1462670608.0,7.5,-3.04,-1.5,4.64
东方电缆,603606,2021-11-09,47.97,47.32,49.5,46.48,245448,1182745152.0,6.31,-1.13,-0.54,3.75
东方电缆,603606,2021-11-10,46.42,45.6,46.42,44.5,227920,1045720000.0,4.06,-3.63,-1.72,3.39
东方电缆,603606,2021-11-11,45.52,45.89,47.28,44.75,206478,961132416.0,5.55,0.64,0.29,3.07
东方电缆,603606,2021-11-12,46.69,49.46,49.9,46.01,260215,1280464864.0,8.48,7.78,3.57,3.87
东方电缆,603606,2021-11-15,48.75,48.48,49.06,45.2,231903,1105273504.0,7.8,-1.98,-0.98,3.45
东方电缆,603606,2021-11-16,47.9,53.39,53.39,47.86,336829,1760408816.0,11.41,10.13,4.91,5.01
东方电缆,603606,2021-11-17,54.4,58.79,58.79,54.19,281906,1618119712.0,8.62,10.11,5.4,4.19
东方电缆,603606,2021-11-18,58.9,59.5,63.15,57.9,349633,2121766672.0,8.93,1.21,0.71,5.2
东方电缆,603606,2021-11-19,60.38,58.23,62.08,57.0,326551,1945152272.0,8.54,-2.13,-1.27,4.86
东方电缆,603606,2021-11-22,58.28,58.96,59.45,55.95,272667,1601772688.0,6.01,1.25,0.73,4.05
东方电缆,603606,2021-11-23,58.4,56.9,58.78,55.67,228195,1313197104.0,5.27,-3.49,-2.06,3.39
东方电缆,603606,2021-11-24,55.98,56.22,56.65,53.7,322316,1796370320.0,5.18,-1.2,-0.68,4.79
东方电缆,603606,2021-11-25,56.39,53.69,56.39,53.56,213571,1174975840.0,5.03,-4.5,-2.53,3.18
东方电缆,603606,2021-11-26,53.7,56.66,58.99,53.7,327837,1856689568.0,9.85,5.53,2.97,4.87
东方电缆,603606,2021-11-29,54.55,57.05,59.57,54.0,283330,1642161424.0,9.83,0.69,0.39,4.12
东方电缆,603606,2021-11-30,57.12,57.6,59.06,55.95,212823,1236787664.0,5.45,0.96,0.55,3.09
东方电缆,603606,2021-12-01,57.08,54.48,57.84,54.3,239296,1342478896.0,6.15,-5.42,-3.12,3.48
东方电缆,603606,2021-12-02,54.2,53.45,54.78,52.31,186150,1005608416.0,4.53,-1.89,-1.03,2.71
东方电缆,603606,2021-12-03,53.67,51.72,54.2,51.67,189811,1008952192.0,4.73,-3.24,-1.73,2.76
东方电缆,603606,2021-12-06,52.31,50.35,52.88,50.15,215812,1119276496.0,5.28,-2.65,-1.37,3.14
东方电缆,603606,2021-12-07,50.4,48.74,50.7,47.14,325318,1589428912.0,7.07,-3.2,-1.61,4.73
东方电缆,603606,2021-12-08,49.1,49.68,50.8,48.44,199331,1004972416.0,4.84,1.93,0.94,2.9
东方电缆,603606,2021-12-09,49.76,48.45,49.89,47.66,204425,1002038656.0,4.49,-2.48,-1.23,2.97
东方电缆,603606,2021-12-10,48.42,50.08,50.98,47.74,216608,1095118784.0,6.69,3.36,1.63,3.15
东方电缆,603606,2021-12-13,50.4,51.6,51.88,48.51,281089,1430070272.0,6.73,3.04,1.52,4.09
东方电缆,603606,2021-12-14,51.68,50.48,52.28,49.42,196320,1008846944.0,5.54,-2.17,-1.12,2.85
东方电缆,603606,2021-12-15,49.92,51.8,52.99,49.79,192303,1004922320.0,6.34,2.61,1.32,2.8
东方电缆,603606,2021-12-16,51.79,51.05,52.32,50.81,104187,540220144.0,2.92,-1.45,-0.75,1.51
东方电缆,603606,2021-12-17,52.2,49.74,52.48,49.74,123877,638323392.0,5.37,-2.57,-1.31,1.8
东方电缆,603606,2021-12-20,49.38,47.9,50.58,47.44,168173,827724016.0,6.31,-3.7,-1.84,2.45
东方电缆,603606,2021-12-21,49.3,47.96,50.2,47.23,171544,843075600.0,6.2,0.13,0.06,2.49
东方电缆,603606,2021-12-22,48.39,46.58,48.48,46.44,149555,709646368.0,4.25,-2.88,-1.38,2.17
东方电缆,603606,2021-12-23,46.73,47.97,48.29,45.73,208902,997892704.0,5.5,2.98,1.39,3.04
东方电缆,603606,2021-12-24,47.59,45.16,47.7,44.72,167908,781034512.0,6.21,-5.86,-2.81,2.44
东方电缆,603606,2021-12-27,45.4,45.53,46.18,44.79,122037,563049792.0,3.08,0.82,0.37,1.77
东方电缆,603606,2021-12-28,45.9,47.76,48.57,45.28,162970,772898864.0,7.23,4.9,2.23,2.37
东方电缆,603606,2021-12-29,48.03,52.6,52.6,47.99,213555,1117425600.0,9.65,10.13,4.84,3.11
东方电缆,603606,2021-12-30,52.0,49.2,52.6,47.28,411603,2053227952.0,10.11,-6.46,-3.4,5.99
东方电缆,603606,2021-12-31,50.62,50.56,52.59,50.4,260456,1349382528.0,4.45,2.76,1.36,3.79
东方电缆,603606,2022-01-04,49.73,50.78,51.6,48.4,171038,866829440.0,6.33,0.44,0.22,2.49
东方电缆,603606,2022-01-05,50.2,46.47,50.3,45.97,198284,954554992.0,8.53,-8.49,-4.31,2.88
东方电缆,603606,2022-01-06,46.38,46.9,47.7,45.42,145535,687829872.0,4.91,0.93,0.43,2.12
东方电缆,603606,2022-01-07,46.87,45.35,47.2,43.6,212479,973632800.0,7.68,-3.3,-1.55,3.09
东方电缆,603606,2022-01-10,44.64,43.5,45.6,43.0,158934,710895632.0,5.73,-4.08,-1.85,2.31
东方电缆,603606,2022-01-11,44.13,42.0,44.25,41.5,183775,790354192.0,6.32,-3.45,-1.5,2.67
东方电缆,603606,2022-01-12,42.4,44.75,45.16,42.4,179476,801249712.0,6.57,6.55,2.75,2.61
东方电缆,603606,2022-01-13,44.4,44.0,44.93,42.7,96460,429506560.0,4.98,-1.68,-0.75,1.4
东方电缆,603606,2022-01-14,43.84,46.86,47.28,43.44,167654,788550160.0,8.73,6.5,2.86,2.44
东方电缆,603606,2022-01-17,46.38,46.37,47.5,45.09,120165,560982256.0,5.14,-1.05,-0.49,1.75
东方电缆,603606,2022-01-18,46.34,47.05,48.61,45.32,145884,699909360.0,7.1,1.47,0.68,2.12
东方电缆,603606,2022-01-19,47.08,45.6,47.1,45.32,83111,387492496.0,3.78,-3.08,-1.45,1.21
东方电缆,603606,2022-01-20,45.6,46.46,47.37,45.14,98489,463331328.0,4.89,1.89,0.86,1.43
东方电缆,603606,2022-01-21,47.39,45.84,48.25,45.42,107142,506548752.0,6.09,-1.33,-0.62,1.56
东方电缆,603606,2022-01-24,45.9,47.95,48.75,45.19,124750,602679424.0,7.77,4.6,2.11,1.81
东方电缆,603606,2022-01-25,47.36,48.17,50.0,47.28,151700,752282304.0,5.67,0.46,0.22,2.21
东方电缆,603606,2022-01-26,49.3,52.62,52.99,49.3,226623,1190155520.0,7.66,9.24,4.45,3.3
东方电缆,603606,2022-01-27,52.4,53.61,54.76,51.59,200211,1083625568.0,6.02,1.88,0.99,2.91
东方电缆,603606,2022-01-28,53.4,58.6,59.03,50.35,294216,1677404256.0,16.19,9.31,4.99,4.28
东方电缆,603606,2022-02-07,59.53,57.66,60.39,55.88,225373,1311482400.0,7.7,-1.6,-0.94,3.28
东方电缆,603606,2022-02-08,56.4,57.7,61.4,53.39,277591,1583060656.0,13.89,0.07,0.04,4.04
东方电缆,603606,2022-02-09,56.52,56.43,57.9,54.29,161509,921294608.0,6.26,-2.2,-1.27,2.35
东方电缆,603606,2022-02-10,55.05,51.19,55.65,50.73,448122,2357765392.0,8.72,-9.29,-5.24,6.52
东方电缆,603606,2022-02-11,49.29,51.5,51.73,48.28,235473,1200589344.0,6.74,0.61,0.31,3.42
东方电缆,603606,2022-02-14,50.35,50.0,51.67,47.9,178677,898202416.0,7.32,-2.91,-1.5,2.6
东方电缆,603606,2022-02-15,49.74,55.06,55.06,49.39,213000,1139714880.0,11.34,10.12,5.06,3.1
东方电缆,603606,2022-02-16,57.48,56.45,58.17,56.15,277379,1597381280.0,3.67,2.52,1.39,4.03
东方电缆,603606,2022-02-17,55.92,58.88,59.8,55.6,269060,1576922528.0,7.44,4.3,2.43,3.91
东方电缆,603606,2022-02-18,57.72,57.1,58.55,56.32,153436,889146096.0,3.79,-3.02,-1.78,2.23
东方电缆,603606,2022-02-21,57.05,57.67,57.98,55.92,111485,644459936.0,3.61,1.0,0.57,1.62
东方电缆,603606,2022-02-22,56.9,57.69,57.77,56.2,93253,537120784.0,2.72,0.03,0.02,1.36
东方电缆,603606,2022-02-23,56.81,59.18,60.2,56.81,147085,874783824.0,5.88,2.58,1.49,2.14
东方电缆,603606,2022-02-24,58.9,57.39,60.9,56.07,185810,1099108080.0,8.16,-3.02,-1.79,2.7
东方电缆,603606,2022-02-25,58.63,58.14,59.9,56.56,144844,856519376.0,5.82,1.31,0.75,2.11
东方电缆,603606,2022-02-28,56.55,58.82,60.18,56.2,165975,976559008.0,6.85,1.17,0.68,2.41
东方电缆,603606,2022-03-01,60.25,58.55,63.55,58.36,253087,1552841792.0,8.82,-0.46,-0.27,3.68
东方电缆,603606,2022-03-02,58.57,57.3,59.0,55.35,171257,981634224.0,6.23,-2.13,-1.25,2.49
东方电缆,603606,2022-03-03,59.02,54.0,59.25,53.8,203071,1140429120.0,9.51,-5.76,-3.3,2.95
东方电缆,603606,2022-03-04,53.12,54.21,56.07,52.9,150522,833129520.0,5.87,0.39,0.21,2.19
东方电缆,603606,2022-03-07,54.22,53.75,55.0,52.78,104347,568235216.0,4.1,-0.85,-0.46,1.52
东方电缆,603606,2022-03-08,54.56,53.65,55.74,53.0,157989,869248960.0,5.1,-0.19,-0.1,2.3
东方电缆,603606,2022-03-09,54.2,54.46,56.59,51.32,225737,1230799632.0,9.82,1.51,0.81,3.28
东方电缆,603606,2022-03-10,56.34,55.48,57.0,54.58,184883,1045254000.0,4.44,1.87,1.02,2.69
东方电缆,603606,2022-03-11,54.8,55.22,56.7,53.41,164322,914193872.0,5.93,-0.47,-0.26,2.39
东方电缆,603606,2022-03-14,54.11,53.92,55.55,52.28,127926,700077072.0,5.92,-2.35,-1.3,1.86
东方电缆,603606,2022-03-15,53.06,51.26,54.28,50.7,152892,808688016.0,6.64,-4.93,-2.66,2.22
东方电缆,603606,2022-03-16,52.39,56.45,56.45,51.61,204140,1119114656.0,9.44,10.12,5.19,2.97
东方电缆,603606,2022-03-17,57.03,55.28,57.19,55.2,170582,965813040.0,3.53,-2.07,-1.17,2.48
东方电缆,603606,2022-03-18,54.55,56.09,56.09,52.9,128027,699832912.0,5.77,1.47,0.81,1.86
东方电缆,603606,2022-03-21,55.52,54.6,56.6,54.33,113441,632382512.0,4.05,-2.66,-1.49,1.65
东方电缆,603606,2022-03-22,54.72,53.8,55.73,53.7,74920,412861888.0,3.72,-1.47,-0.8,1.09
东方电缆,603606,2022-03-23,55.95,56.83,58.0,54.95,209805,1204284800.0,5.67,5.63,3.03,3.05
东方电缆,603606,2022-03-24,56.55,58.95,59.92,55.56,162677,948560016.0,7.67,3.73,2.12,2.37
东方电缆,603606,2022-03-25,56.19,55.0,57.4,53.02,268957,1489683552.0,7.43,-6.7,-3.95,3.91
东方电缆,603606,2022-03-28,52.94,53.06,54.5,51.89,119502,642896336.0,4.75,-3.53,-1.94,1.74
东方电缆,603606,2022-03-29,52.46,52.27,53.35,51.79,67584,358582384.0,2.94,-1.49,-0.79,0.98
东方电缆,603606,2022-03-30,53.3,53.77,54.83,53.1,88240,481752192.0,3.31,2.87,1.5,1.28
东方电缆,603606,2022-03-31,53.37,50.95,53.48,49.97,159207,828667824.0,6.53,-5.24,-2.82,2.32
东方电缆,603606,2022-04-01,49.73,50.09,50.73,49.63,93668,474263232.0,2.16,-1.69,-0.86,1.36
东方电缆,603606,2022-04-06,50.39,47.4,50.39,46.9,136936,662751760.0,6.97,-5.37,-2.69,1.99
东方电缆,603606,2022-04-07,47.28,46.1,47.28,45.86,82693,388908704.0,3.0,-2.74,-1.3,1.2
东方电缆,603606,2022-04-08,47.03,46.9,48.22,46.08,105499,501015024.0,4.64,1.74,0.8,1.53
东方电缆,603606,2022-04-11,46.1,44.39,46.11,43.5,118201,533903616.0,5.57,-5.35,-2.51,1.72
东方电缆,603606,2022-04-12,44.39,45.41,45.67,43.22,98403,444893872.0,5.52,2.3,1.02,1.43
东方电缆,603606,2022-04-13,45.08,44.2,45.4,44.08,57531,260039338.0,2.91,-2.66,-1.21,0.84
东方电缆,603606,2022-04-14,44.4,43.74,45.32,43.4,71560,320379040.0,4.34,-1.04,-0.46,1.04
东方电缆,603606,2022-04-15,43.6,43.01,44.15,42.24,63195,275697168.0,4.37,-1.67,-0.73,0.92
东方电缆,603606,2022-04-18,43.06,45.56,45.98,42.65,91802,417516304.0,7.74,5.93,2.55,1.33
东方电缆,603606,2022-04-19,45.62,45.5,46.63,44.7,67218,309096032.0,4.24,-0.13,-0.06,0.98
东方电缆,603606,2022-04-20,44.74,44.8,45.63,44.4,43815,199340394.0,2.7,-1.54,-0.7,0.64
东方电缆,603606,2022-04-21,42.66,42.27,44.4,42.24,81008,354602656.0,4.82,-5.65,-2.53,1.18
东方电缆,603606,2022-04-22,42.72,42.45,44.04,42.08,72855,317522896.0,4.64,0.43,0.18,1.06
东方电缆,603606,2022-04-25,39.4,40.83,42.4,38.98,116257,481886896.0,8.06,-3.82,-1.62,1.69
东方电缆,603606,2022-04-26,40.98,39.75,41.6,39.4,72531,298907504.0,5.39,-2.65,-1.08,1.05
东方电缆,603606,2022-04-27,39.97,43.55,43.79,38.55,121972,514197856.0,13.18,9.56,3.8,1.77
东方电缆,603606,2022-04-28,43.12,44.61,44.86,42.98,91259,410164608.0,4.32,2.43,1.06,1.33
东方电缆,603606,2022-04-29,43.93,46.73,47.56,42.65,124619,565966096.0,11.01,4.75,2.12,1.81
东方电缆,603606,2022-05-05,46.25,46.4,47.35,45.45,68103,319718368.0,4.07,-0.71,-0.33,0.99
东方电缆,603606,2022-05-06,44.4,44.22,45.39,43.6,51227,230640289.0,3.86,-4.7,-2.18,0.74
东方电缆,603606,2022-05-09,44.06,44.23,45.85,43.56,41483,187173187.0,5.18,0.02,0.01,0.6
东方电缆,603606,2022-05-10,43.5,47.53,48.71,43.36,155992,754459056.0,12.1,7.46,3.3,2.27
东方电缆,603606,2022-05-11,47.8,46.51,50.79,46.4,279690,1375062560.0,9.24,-2.15,-1.02,4.07
东方电缆,603606,2022-05-12,46.25,49.12,49.75,46.05,139639,684542480.0,7.96,5.61,2.61,2.03
东方电缆,603606,2022-05-13,49.1,51.17,51.6,48.38,113008,577239664.0,6.56,4.17,2.05,1.64
东方电缆,603606,2022-05-16,51.3,51.29,52.23,50.63,59573,309670160.0,3.13,0.23,0.12,0.87
东方电缆,603606,2022-05-17,51.01,52.89,53.02,50.88,67804,359909840.0,4.17,3.12,1.6,0.99
东方电缆,603606,2022-05-18,53.1,51.37,53.13,51.0,80851,423556128.0,4.03,-2.87,-1.52,1.18
东方电缆,603606,2022-05-19,50.4,55.75,56.4,50.18,129332,707477456.0,12.11,8.53,4.38,1.88
东方电缆,603606,2022-05-20,56.02,55.43,56.05,53.14,98369,542484240.0,5.22,-0.57,-0.32,1.43
东方电缆,603606,2022-05-23,54.85,57.52,58.95,54.27,92355,526334208.0,8.44,3.77,2.09,1.34
东方电缆,603606,2022-05-24,57.17,55.51,58.55,55.25,71704,407378384.0,5.74,-3.49,-2.01,1.04
东方电缆,603606,2022-05-25,54.25,57.52,57.57,53.95,69637,388157232.0,6.52,3.62,2.01,1.01
东方电缆,603606,2022-05-26,57.05,57.93,59.81,56.56,100352,588986432.0,5.65,0.71,0.41,1.46
东方电缆,603606,2022-05-27,57.96,56.45,59.19,56.15,62354,358131840.0,5.25,-2.55,-1.48,0.91
东方电缆,603606,2022-05-30,56.85,56.07,57.17,55.69,52634,296668464.0,2.62,-0.67,-0.38,0.77
东方电缆,603606,2022-05-31,57.25,57.76,58.54,56.18,114836,663619232.0,4.21,3.01,1.69,1.67
东方电缆,603606,2022-06-01,56.91,56.14,57.54,55.68,73153,413970640.0,3.22,-2.8,-1.62,1.06
东方电缆,603606,2022-06-02,56.05,58.9,60.27,55.54,110926,651474880.0,8.43,4.92,2.76,1.61
东方电缆,603606,2022-06-06,58.91,60.71,61.25,58.64,114654,692237168.0,4.43,3.07,1.81,1.67
东方电缆,603606,2022-06-07,60.35,59.36,61.57,58.75,91640,548416144.0,4.65,-2.22,-1.35,1.33
东方电缆,603606,2022-06-08,60.53,58.22,60.53,56.53,97293,566768480.0,6.74,-1.92,-1.14,1.41
东方电缆,603606,2022-06-09,58.22,56.28,58.85,55.71,94496,537585392.0,5.39,-3.33,-1.94,1.37
东方电缆,603606,2022-06-10,55.76,57.75,58.13,55.55,77692,448142896.0,4.58,2.61,1.47,1.13
东方电缆,603606,2022-06-13,56.55,58.69,60.16,56.54,66494,390937216.0,6.27,1.63,0.94,0.97
东方电缆,603606,2022-06-14,57.96,57.56,58.1,55.23,74013,420486688.0,4.89,-1.93,-1.13,1.08
东方电缆,603606,2022-06-15,57.56,56.31,58.07,54.95,84278,476468832.0,5.42,-2.17,-1.25,1.23
东方电缆,603606,2022-06-16,56.32,59.7,61.75,56.31,122458,728982000.0,9.66,6.02,3.39,1.78
东方电缆,603606,2022-06-17,59.19,65.7,65.7,59.19,215091,1384709824.0,10.9,10.05,6.0,3.13
东方电缆,603606,2022-06-20,66.94,66.56,67.74,64.75,169702,1133976416.0,4.55,1.31,0.86,2.47
东方电缆,603606,2022-06-21,65.51,65.45,66.05,62.9,153098,994926928.0,4.73,-1.67,-1.11,2.23
东方电缆,603606,2022-06-22,64.72,65.58,67.75,64.72,133168,883836832.0,4.63,0.2,0.13,1.94
东方电缆,603606,2022-06-23,65.28,66.52,67.22,63.07,124509,817864240.0,6.33,1.43,0.94,1.81
东方电缆,603606,2022-06-24,66.65,70.65,71.81,66.65,177153,1242135216.0,7.76,6.21,4.13,2.58
东方电缆,603606,2022-06-27,70.69,74.47,75.63,69.65,160769,1173457824.0,8.46,5.41,3.82,2.34
东方电缆,603606,2022-06-28,72.98,73.51,75.25,72.69,84398,622816272.0,3.44,-1.29,-0.96,1.23
东方电缆,603606,2022-06-29,72.55,71.67,75.24,71.55,112331,823842672.0,5.02,-2.5,-1.84,1.63
东方电缆,603606,2022-06-30,72.64,76.35,77.78,72.35,116199,883308960.0,7.58,6.53,4.68,1.69
东方电缆,603606,2022-07-01,75.49,75.23,76.35,74.26,65122,490319952.0,2.74,-1.47,-1.12,0.95
东方电缆,603606,2022-07-04,73.91,74.44,75.3,72.21,120174,889707728.0,4.11,-1.05,-0.79,1.75
东方电缆,603606,2022-07-05,73.9,76.9,76.9,72.93,95950,725052848.0,5.33,3.3,2.46,1.4
东方电缆,603606,2022-07-06,77.75,78.75,81.42,77.25,134707,1067627856.0,5.42,2.41,1.85,1.96
东方电缆,603606,2022-07-07,77.35,78.85,80.25,75.81,95474,746113008.0,5.64,0.13,0.1,1.39
东方电缆,603606,2022-07-08,79.27,76.75,79.65,76.03,89211,692280304.0,4.59,-2.66,-2.1,1.3
东方电缆,603606,2022-07-11,75.62,75.7,77.48,73.48,105331,791849472.0,5.21,-1.37,-1.05,1.53
东方电缆,603606,2022-07-12,75.41,76.84,79.75,74.97,119571,929083084.0,6.31,1.51,1.14,1.74
东方电缆,603606,2022-07-13,76.81,78.95,80.87,75.75,122954,980265662.0,6.66,2.75,2.11,1.79
东方电缆,603606,2022-07-14,79.75,83.95,84.3,79.23,132762,1101591455.0,6.42,6.33,5.0,1.93
东方电缆,603606,2022-07-15,83.35,83.65,85.93,80.35,106108,889669577.0,6.65,-0.36,-0.3,1.54
东方电缆,603606,2022-07-18,83.78,85.83,86.31,82.26,97291,825650454.0,4.84,2.61,2.18,1.41
东方电缆,603606,2022-07-19,84.25,83.86,87.45,82.55,124650,1055927697.0,5.71,-2.3,-1.97,1.81
东方电缆,603606,2022-07-20,83.25,86.57,88.25,81.95,113037,973406674.0,7.51,3.23,2.71,1.64
东方电缆,603606,2022-07-21,86.27,84.4,86.75,83.14,112641,954089724.0,4.17,-2.51,-2.17,1.64
东方电缆,603606,2022-07-22,84.33,83.63,86.78,82.57,109392,923590791.0,4.99,-0.91,-0.77,1.59
东方电缆,603606,2022-07-25,83.63,80.43,83.75,79.3,123552,1000109467.0,5.32,-3.83,-3.2,1.8
东方电缆,603606,2022-07-26,79.75,80.9,83.05,78.28,160774,1304804283.0,5.93,0.58,0.47,2.34
东方电缆,603606,2022-07-27,81.09,81.29,82.17,75.55,212822,1693804139.0,8.18,0.48,0.39,3.09
东方电缆,603606,2022-07-28,81.78,77.06,82.41,77.05,171379,1350582479.0,6.59,-5.2,-4.23,2.49
东方电缆,603606,2022-07-29,76.5,79.74,81.35,76.23,153577,1229316657.0,6.64,3.48,2.68,2.23
东方电缆,603606,2022-08-01,78.85,79.55,81.73,77.63,101245,809747983.0,5.14,-0.24,-0.19,1.47
东方电缆,603606,2022-08-02,77.91,78.53,81.25,77.33,90278,716550343.0,4.93,-1.28,-1.02,1.31
东方电缆,603606,2022-08-03,79.61,78.22,82.41,77.83,135497,1084541760.0,5.83,-0.39,-0.31,1.97
东方电缆,603606,2022-08-04,79.16,76.61,79.74,74.75,111643,858945628.0,6.38,-2.06,-1.61,1.62
东方电缆,603606,2022-08-05,76.95,75.09,77.64,73.53,147503,1114769515.0,5.36,-1.98,-1.52,2.14
东方电缆,603606,2022-08-08,71.65,76.42,79.2,71.65,180783,1384451773.0,10.05,1.77,1.33,2.63
东方电缆,603606,2022-08-09,75.97,80.05,82.22,74.55,169029,1359276866.0,10.04,4.75,3.63,2.46
东方电缆,603606,2022-08-10,81.38,75.99,81.38,75.27,204322,1584601472.0,7.63,-5.07,-4.06,2.97
东方电缆,603606,2022-08-11,75.98,75.61,77.55,74.71,116666,886932975.0,3.74,-0.5,-0.38,1.7
东方电缆,603606,2022-08-12,75.55,74.35,75.6,72.47,129101,958042668.0,4.14,-1.67,-1.26,1.88
东方电缆,603606,2022-08-15,73.72,77.87,79.63,73.35,127200,991875470.0,8.45,4.73,3.52,1.85
东方电缆,603606,2022-08-16,78.18,79.9,82.61,78.18,116780,947620686.0,5.69,2.61,2.03,1.7
东方电缆,603606,2022-08-17,80.12,81.45,83.75,79.79,103944,857535659.0,4.96,1.94,1.55,1.51
东方电缆,603606,2022-08-18,82.45,82.61,83.25,80.8,79016,652783486.0,3.01,1.42,1.16,1.15
东方电缆,603606,2022-08-19,81.86,80.66,82.52,80.35,61730,504192951.0,2.63,-2.36,-1.95,0.9
东方电缆,603606,2022-08-22,79.85,80.4,81.15,77.81,72792,579256672.0,4.14,-0.32,-0.26,1.06
东方电缆,603606,2022-08-23,80.52,80.75,81.24,78.95,55012,441738487.0,2.85,0.44,0.35,0.8
东方电缆,603606,2022-08-24,79.35,77.95,80.64,76.73,74889,590329383.0,4.84,-3.47,-2.8,1.09
东方电缆,603606,2022-08-25,77.96,74.85,78.35,73.9,92789,698075217.0,5.71,-3.98,-3.1,1.35
东方电缆,603606,2022-08-26,74.96,76.1,77.64,73.81,76857,585848430.0,5.12,1.67,1.25,1.12
东方电缆,603606,2022-08-29,74.56,77.96,79.74,74.23,63647,497285466.0,7.24,2.44,1.86,0.93
东方电缆,603606,2022-08-30,77.95,77.7,80.26,76.25,80365,635004080.0,5.14,-0.33,-0.26,1.17
东方电缆,603606,2022-08-31,77.63,71.42,78.55,70.75,138619,1015300282.0,10.04,-8.08,-6.28,2.02
东方电缆,603606,2022-09-01,72.35,75.15,76.26,72.08,104958,788362610.0,5.85,5.22,3.73,1.53
东方电缆,603606,2022-09-02,75.35,73.83,75.75,71.54,74900,553611804.0,5.6,-1.76,-1.32,1.09
东方电缆,603606,2022-09-05,74.75,78.5,79.11,74.55,106376,829230156.0,6.18,6.33,4.67,1.55
东方电缆,603606,2022-09-06,79.15,82.9,84.36,78.6,148350,1215763444.0,7.34,5.61,4.4,2.16
东方电缆,603606,2022-09-07,82.25,85.93,86.44,81.95,83699,714606049.0,5.42,3.66,3.03,1.22
东方电缆,603606,2022-09-08,85.25,84.47,86.61,83.54,57719,489498762.0,3.57,-1.7,-1.46,0.84
东方电缆,603606,2022-09-09,84.22,83.19,84.22,80.87,79316,659351551.0,3.97,-1.52,-1.28,1.15
东方电缆,603606,2022-09-13,84.02,84.0,84.62,81.75,55270,463325488.0,3.45,0.97,0.81,0.8
东方电缆,603606,2022-09-14,82.87,84.0,84.85,81.93,49275,412146289.0,3.48,0.0,0.0,0.72
东方电缆,603606,2022-09-15,84.81,78.55,85.25,76.92,127597,1012098853.0,9.92,-6.49,-5.45,1.86
东方电缆,603606,2022-09-16,77.78,77.52,80.38,76.9,67709,533698580.0,4.43,-1.31,-1.03,0.98
东方电缆,603606,2022-09-19,75.85,76.55,78.26,74.97,59628,457075963.0,4.24,-1.25,-0.97,0.87
东方电缆,603606,2022-09-20,77.24,77.49,80.55,77.24,57323,451197267.0,4.32,1.23,0.94,0.83
东方电缆,603606,2022-09-21,77.03,75.45,78.63,75.26,61549,473250445.0,4.35,-2.63,-2.04,0.89
东方电缆,603606,2022-09-22,74.55,75.74,77.05,72.75,74410,562718185.0,5.7,0.38,0.29,1.08
东方电缆,603606,2022-09-23,74.87,73.91,76.51,71.63,95996,707069659.0,6.44,-2.42,-1.83,1.4
东方电缆,603606,2022-09-26,72.46,75.03,77.51,72.46,89182,676021990.0,6.83,1.52,1.12,1.3
东方电缆,603606,2022-09-27,76.75,76.87,79.05,75.25,135190,1043207931.0,5.06,2.45,1.84,1.97
东方电缆,603606,2022-09-28,77.01,74.15,77.63,73.55,66103,495848136.0,5.31,-3.54,-2.72,0.96
东方电缆,603606,2022-09-29,75.04,74.52,75.36,72.25,64137,477455907.0,4.19,0.5,0.37,0.93
东方电缆,603606,2022-09-30,74.46,69.48,74.65,68.75,168558,1194330341.0,7.92,-6.76,-5.04,2.45
东方电缆,603606,2022-10-10,69.19,69.09,71.03,67.75,66193,459537231.0,4.72,-0.56,-0.39,0.96
东方电缆,603606,2022-10-11,69.35,70.61,71.77,68.75,71031,504368526.0,4.37,2.2,1.52,1.03
东方电缆,603606,2022-10-12,70.67,75.55,76.24,69.85,111920,818518083.0,9.05,7.0,4.94,1.63
东方电缆,603606,2022-10-13,74.84,76.68,78.22,73.96,102353,790464446.0,5.64,1.5,1.13,1.49
东方电缆,603606,2022-10-14,77.23,77.43,77.94,73.6,126638,966670314.0,5.66,0.98,0.75,1.84
东方电缆,603606,2022-10-17,76.75,76.84,77.31,74.34,71117,543374089.0,3.84,-0.76,-0.59,1.03
东方电缆,603606,2022-10-18,77.6,80.15,80.91,77.2,88309,705218288.0,4.83,4.31,3.31,1.28
东方电缆,603606,2022-10-19,79.75,77.35,80.38,77.29,90139,708213792.0,3.86,-3.49,-2.8,1.31
东方电缆,603606,2022-10-20,77.35,75.24,77.7,74.6,84484,640682036.0,4.01,-2.73,-2.11,1.23
东方电缆,603606,2022-10-21,77.49,82.26,82.79,77.49,177726,1455962476.0,7.04,9.33,7.02,2.58
东方电缆,603606,2022-10-24,82.96,81.22,83.75,80.3,107379,884289398.0,4.19,-1.26,-1.04,1.56
东方电缆,603606,2022-10-25,80.62,80.67,82.75,79.25,70948,577953922.0,4.31,-0.68,-0.55,1.03
东方电缆,603606,2022-10-26,82.08,77.18,82.45,76.65,141270,1106359921.0,7.19,-4.33,-3.49,2.05
东方电缆,603606,2022-10-27,77.14,74.39,77.75,71.85,154781,1155049643.0,7.64,-3.61,-2.79,2.25
东方电缆,603606,2022-10-28,71.91,77.93,80.37,71.71,189171,1479383392.0,11.64,4.76,3.54,2.75
东方电缆,603606,2022-10-31,76.92,76.75,80.61,75.25,90463,704066701.0,6.88,-1.51,-1.18,1.32
东方电缆,603606,2022-11-01,76.25,76.15,77.74,73.26,89128,673928141.0,5.84,-0.78,-0.6,1.3
东方电缆,603606,2022-11-02,76.25,75.45,77.15,74.89,92172,698633101.0,2.97,-0.92,-0.7,1.34
东方电缆,603606,2022-11-03,74.76,73.35,75.75,72.75,161146,1194245519.0,3.98,-2.78,-2.1,2.34
东方电缆,603606,2022-11-04,73.9,75.3,77.13,73.9,159949,1219247257.0,4.4,2.66,1.95,2.33
东方电缆,603606,2022-11-07,75.48,73.96,75.48,68.93,267187,1925337481.0,8.7,-1.78,-1.34,3.89
东方电缆,603606,2022-11-08,73.25,76.13,77.75,73.01,153487,1164777010.0,6.41,2.93,2.17,2.23
东方电缆,603606,2022-11-09,76.15,74.75,76.73,73.43,85070,639540163.0,4.33,-1.81,-1.38,1.24
东方电缆,603606,2022-11-10,74.87,74.98,77.08,74.35,87143,661210125.0,3.65,0.31,0.23,1.27
东方电缆,603606,2022-11-11,77.25,75.31,77.7,74.25,68362,518966318.0,4.6,0.44,0.33,0.99
东方电缆,603606,2022-11-14,73.82,73.53,76.05,72.25,72439,537694478.0,5.05,-2.36,-1.78,1.05
东方电缆,603606,2022-11-15,72.95,75.15,75.63,72.9,72854,546013220.0,3.71,2.2,1.62,1.06
东方电缆,603606,2022-11-16,74.75,74.15,75.25,73.25,50928,377561569.0,2.66,-1.33,-1.0,0.74
东方电缆,603606,2022-11-17,73.5,70.75,73.95,69.95,121569,867526701.0,5.39,-4.59,-3.4,1.77
东方电缆,603606,2022-11-18,70.75,71.24,71.63,68.35,94261,664871970.0,4.64,0.69,0.49,1.37
东方电缆,603606,2022-11-21,70.85,69.93,72.08,69.4,72475,512085047.0,3.76,-1.84,-1.31,1.05
东方电缆,603606,2022-11-22,69.94,68.64,69.95,68.25,62496,431341410.0,2.43,-1.84,-1.29,0.91
东方电缆,603606,2022-11-23,68.41,70.72,71.3,66.52,102625,711034779.0,6.96,3.03,2.08,1.49
东方电缆,603606,2022-11-24,71.25,70.77,72.95,70.75,73997,532574383.0,3.11,0.07,0.05,1.08
东方电缆,603606,2022-11-25,70.65,68.22,71.11,67.96,81469,566049338.0,4.45,-3.6,-2.55,1.18
东方电缆,603606,2022-11-28,66.75,69.96,70.93,66.75,89506,626531187.0,6.13,2.55,1.74,1.3
东方电缆,603606,2022-11-29,69.35,69.68,70.53,69.35,65560,458886947.0,1.69,-0.4,-0.28,0.95
东方电缆,603606,2022-11-30,69.75,70.71,70.71,68.35,70814,494338559.0,3.39,1.48,1.03,1.03
东方电缆,603606,2022-12-01,70.29,69.12,71.25,68.91,96619,679662991.0,3.31,-2.25,-1.59,1.4
东方电缆,603606,2022-12-02,68.45,70.85,71.43,68.45,90323,639536355.0,4.31,2.5,1.73,1.31
东方电缆,603606,2022-12-05,71.28,68.05,71.3,67.25,118104,809617996.0,5.72,-3.95,-2.8,1.72
东方电缆,603606,2022-12-06,67.4,67.63,68.25,65.06,97852,655275391.0,4.69,-0.62,-0.42,1.42
东方电缆,603606,2022-12-07,67.35,66.47,68.05,65.88,80904,542917111.0,3.21,-1.72,-1.16,1.18
东方电缆,603606,2022-12-08,65.93,67.88,68.83,65.93,95354,649775492.0,4.36,2.12,1.41,1.39
东方电缆,603606,2022-12-09,67.73,67.34,68.5,66.45,105716,713309920.0,3.02,-0.8,-0.54,1.54
东方电缆,603606,2022-12-12,65.75,66.49,66.72,63.77,121934,799137965.0,4.38,-1.26,-0.85,1.77
东方电缆,603606,2022-12-13,66.75,64.06,67.25,63.71,89675,583776823.0,5.32,-3.65,-2.43,1.3
东方电缆,603606,2022-12-14,63.81,63.23,64.45,63.0,65748,418370381.0,2.26,-1.3,-0.83,0.96
东方电缆,603606,2022-12-15,63.04,64.17,64.2,62.12,69942,446312559.0,3.29,1.49,0.94,1.02
东方电缆,603606,2022-12-16,63.75,64.96,64.96,63.35,81127,523503763.0,2.51,1.23,0.79,1.18
东方电缆,603606,2022-12-19,64.95,67.0,68.1,64.44,111032,743359542.0,5.63,3.14,2.04,1.61
东方电缆,603606,2022-12-20,67.11,68.41,69.41,65.96,96303,659815302.0,5.15,2.1,1.41,1.4
东方电缆,603606,2022-12-21,68.41,68.45,70.04,67.36,75694,522147563.0,3.92,0.06,0.04,1.1
东方电缆,603606,2022-12-22,68.26,61.58,68.75,61.58,217286,1395752974.0,10.47,-10.04,-6.87,3.16
东方电缆,603606,2022-12-23,59.28,58.85,61.58,58.5,178064,1065478370.0,5.0,-4.43,-2.73,2.59
东方电缆,603606,2022-12-26,58.94,64.2,64.65,58.75,148109,934607724.0,10.03,9.09,5.35,2.15
东方电缆,603606,2022-12-27,64.75,65.89,67.04,63.48,107788,710542497.0,5.55,2.63,1.69,1.57
东方电缆,603606,2022-12-28,66.24,65.89,66.3,64.28,95610,626589414.0,3.07,0.0,0.0,1.39
东方电缆,603606,2022-12-29,65.75,66.0,66.23,65.01,48226,318102670.0,1.85,0.17,0.11,0.7
东方电缆,603606,2022-12-30,66.99,67.58,68.35,65.83,98612,669748475.0,3.82,2.39,1.58,1.43
东方电缆,603606,2023-01-03,67.65,69.76,70.89,66.33,115420,801126653.0,6.75,3.23,2.18,1.68
东方电缆,603606,2023-01-04,69.84,68.3,70.86,67.25,90580,622376414.0,5.17,-2.09,-1.46,1.32
东方电缆,603606,2023-01-05,68.25,68.64,69.41,67.57,64238,442079179.0,2.69,0.5,0.34,0.93
东方电缆,603606,2023-01-06,68.5,69.7,70.56,67.75,75761,529337201.0,4.09,1.54,1.06,1.1
东方电缆,603606,2023-01-09,69.68,68.75,70.75,68.1,76517,531891813.0,3.8,-1.36,-0.95,1.11
东方电缆,603606,2023-01-10,68.73,69.2,69.85,68.21,64363,447364431.0,2.39,0.65,0.45,0.94
东方电缆,603606,2023-01-11,68.72,68.46,69.54,67.65,51558,354890018.0,2.73,-1.07,-0.74,0.75
东方电缆,603606,2023-01-12,69.3,68.79,72.21,68.6,77267,542452378.0,5.27,0.48,0.33,1.12
东方电缆,603606,2023-01-13,69.26,68.04,69.26,67.56,57621,394413285.0,2.47,-1.09,-0.75,0.84
东方电缆,603606,2023-01-16,68.04,68.18,69.03,67.45,55131,378318899.0,2.32,0.21,0.14,0.8
东方电缆,603606,2023-01-17,68.25,67.3,69.01,66.55,84406,571472499.0,3.61,-1.29,-0.88,1.23
东方电缆,603606,2023-01-18,67.33,66.92,67.66,66.45,54035,363620225.0,1.8,-0.56,-0.38,0.79
东方电缆,603606,2023-01-19,66.91,64.03,67.25,63.47,177894,1149613666.0,5.65,-4.32,-2.89,2.59
东方电缆,603606,2023-01-20,64.05,63.95,65.93,63.64,109682,707774583.0,3.58,-0.12,-0.08,1.59
东方电缆,603606,2023-01-30,65.13,63.34,65.9,62.75,174089,1121955855.0,4.93,-0.95,-0.61,2.53
东方电缆,603606,2023-01-31,63.65,63.9,65.06,63.15,148930,955520362.0,3.02,0.88,0.56,2.17
东方电缆,603606,2023-02-01,64.05,62.98,64.25,62.15,142799,900929722.0,3.29,-1.44,-0.92,2.08
东方电缆,603606,2023-02-02,62.85,60.96,62.85,59.35,284124,1733014727.0,5.56,-3.21,-2.02,4.13
东方电缆,603606,2023-02-03,60.75,57.73,60.75,55.08,485643,2773047797.0,9.3,-5.3,-3.23,7.06
东方电缆,603606,2023-02-06,56.74,57.87,58.2,55.58,259571,1481376136.0,4.54,0.24,0.14,3.77
东方电缆,603606,2023-02-07,57.55,57.25,58.33,57.07,155061,896390787.0,2.18,-1.07,-0.62,2.25
东方电缆,603606,2023-02-08,57.06,58.54,59.13,57.05,192848,1128517264.0,3.63,2.25,1.29,2.8
东方电缆,603606,2023-02-09,58.48,58.83,59.08,57.3,157398,924840990.0,3.04,0.5,0.29,2.29
东方电缆,603606,2023-02-10,58.52,57.89,58.88,57.57,108666,635032726.0,2.23,-1.6,-0.94,1.58
东方电缆,603606,2023-02-13,57.91,57.49,58.53,57.09,179564,1039485609.0,2.49,-0.69,-0.4,2.61
东方电缆,603606,2023-02-14,57.25,57.12,57.7,56.55,124669,712401955.0,2.0,-0.64,-0.37,1.81
东方电缆,603606,2023-02-15,57.08,56.44,57.4,56.31,90224,512862602.0,1.91,-1.19,-0.68,1.31
东方电缆,603606,2023-02-16,56.38,55.59,56.83,55.15,149859,842638397.0,2.98,-1.51,-0.85,2.18
东方电缆,603606,2023-02-17,55.54,54.53,56.07,54.17,130859,722817565.0,3.42,-1.91,-1.06,1.9
东方电缆,603606,2023-02-20,54.53,54.14,54.73,53.13,137229,744335750.0,2.93,-0.72,-0.39,2.0
东方电缆,603606,2023-02-21,54.16,55.04,56.11,53.65,140924,773534361.0,4.54,1.66,0.9,2.05
东方电缆,603606,2023-02-22,54.57,54.77,55.43,54.36,88275,487191444.0,1.94,-0.49,-0.27,1.28
东方电缆,603606,2023-02-23,54.73,55.74,56.12,54.66,129988,725254809.0,2.67,1.77,0.97,1.89
东方电缆,603606,2023-02-24,55.64,54.85,55.74,54.56,91729,506641781.0,2.12,-1.6,-0.89,1.33
东方电缆,603606,2023-02-27,54.73,55.15,55.95,54.02,99665,552949740.0,3.52,0.55,0.3,1.45
东方电缆,603606,2023-02-28,55.25,54.75,55.5,53.85,104812,572246357.0,2.99,-0.73,-0.4,1.52
东方电缆,603606,2023-03-01,54.49,54.13,54.62,53.86,86195,468325815.0,1.39,-1.13,-0.62,1.25
东方电缆,603606,2023-03-02,54.13,53.66,54.72,53.64,94000,510440438.0,2.0,-0.87,-0.47,1.37
东方电缆,603606,2023-03-03,53.6,53.15,54.1,53.03,100831,541191314.0,1.99,-0.95,-0.51,1.47
东方电缆,603606,2023-03-06,53.15,54.99,55.25,52.78,182117,991941702.0,4.65,3.46,1.84,2.65
东方电缆,603606,2023-03-07,54.85,52.95,54.93,52.95,139539,750635985.0,3.6,-3.71,-2.04,2.03
东方电缆,603606,2023-03-08,52.76,52.58,53.87,52.25,88959,472125262.0,3.06,-0.7,-0.37,1.29
东方电缆,603606,2023-03-09,52.31,51.65,52.84,51.55,100972,526607474.0,2.45,-1.77,-0.93,1.47
东方电缆,603606,2023-03-10,50.15,50.18,51.27,49.09,204765,1028635079.0,4.22,-2.85,-1.47,2.98
东方电缆,603606,2023-03-13,49.99,49.6,50.71,49.05,128576,640735759.0,3.31,-1.16,-0.58,1.87
东方电缆,603606,2023-03-14,49.75,48.51,50.17,47.65,186070,907597610.0,5.08,-2.2,-1.09,2.71
东方电缆,603606,2023-03-15,48.61,49.24,49.94,48.56,115158,571451765.0,2.84,1.5,0.73,1.67
东方电缆,603606,2023-03-16,48.77,47.5,49.03,47.2,123605,594204885.0,3.72,-3.53,-1.74,1.8
东方电缆,603606,2023-03-17,47.75,47.25,48.01,47.11,94263,450072751.0,1.89,-0.53,-0.25,1.37
东方电缆,603606,2023-03-20,47.25,48.19,49.26,46.52,169154,816379332.0,5.8,1.99,0.94,2.46
东方电缆,603606,2023-03-21,48.2,48.83,48.91,47.63,98718,478641134.0,2.66,1.33,0.64,1.44
东方电缆,603606,2023-03-22,48.83,48.73,49.52,48.52,80829,397447278.0,2.05,-0.2,-0.1,1.18
东方电缆,603606,2023-03-23,48.45,47.63,48.7,47.4,129246,623112125.0,2.67,-2.26,-1.1,1.88
东方电缆,603606,2023-03-24,47.63,47.85,48.23,46.14,156841,749770616.0,4.39,0.46,0.22,2.28
东方电缆,603606,2023-03-27,47.78,48.4,49.03,47.08,155649,753327565.0,4.08,1.15,0.55,2.26
东方电缆,603606,2023-03-28,48.43,47.68,49.12,47.63,126757,616712334.0,3.08,-1.49,-0.72,1.84
东方电缆,603606,2023-03-29,47.75,47.7,48.2,47.45,83174,399596906.0,1.57,0.04,0.02,1.21
东方电缆,603606,2023-03-30,47.47,47.96,48.24,47.41,86826,417141452.0,1.74,0.55,0.26,1.26
东方电缆,603606,2023-03-31,48.1,49.06,49.42,47.81,146709,721303623.0,3.36,2.29,1.1,2.13
东方电缆,603606,2023-04-03,48.76,47.93,48.94,47.33,136485,658241883.0,3.28,-2.3,-1.13,1.98
东方电缆,603606,2023-04-04,47.85,46.85,47.93,46.64,122732,581144068.0,2.69,-2.25,-1.08,1.78
东方电缆,603606,2023-04-06,46.42,46.95,47.35,46.15,75693,355024377.0,2.56,0.21,0.1,1.1
东方电缆,603606,2023-04-07,46.75,46.7,47.9,46.55,90613,430562792.0,2.88,-0.53,-0.25,1.32
东方电缆,603606,2023-04-10,46.77,46.77,47.93,46.64,94494,447399996.0,2.76,0.15,0.07,1.37
东方电缆,603606,2023-04-11,46.79,46.22,46.85,45.75,90700,420168774.0,2.35,-1.18,-0.55,1.32
东方电缆,603606,2023-04-12,45.91,45.45,46.6,45.35,80965,372041112.0,2.7,-1.67,-0.77,1.18
东方电缆,603606,2023-04-13,45.47,45.06,46.06,44.92,65706,299072428.0,2.51,-0.86,-0.39,0.96
东方电缆,603606,2023-04-14,44.83,44.99,45.4,44.67,64577,292729983.0,1.62,-0.16,-0.07,0.94
东方电缆,603606,2023-04-17,44.9,45.63,46.17,44.89,92685,425846893.0,2.85,1.42,0.64,1.35
东方电缆,603606,2023-04-18,45.65,45.28,46.04,45.06,97999,448402594.0,2.15,-0.77,-0.35,1.42
东方电缆,603606,2023-04-19,45.05,44.44,45.05,44.2,90945,407071469.0,1.88,-1.86,-0.84,1.32
东方电缆,603606,2023-04-20,44.52,43.44,44.52,43.29,88442,387501401.0,2.77,-2.25,-1.0,1.29
东方电缆,603606,2023-04-21,43.34,41.8,43.89,41.68,127555,546066256.0,5.09,-3.78,-1.64,1.85
东方电缆,603606,2023-04-24,42.9,46.01,46.01,42.9,168959,772534439.0,7.44,10.07,4.21,2.46
东方电缆,603606,2023-04-25,46.9,45.44,47.7,45.11,285428,1334981665.0,5.63,-1.24,-0.57,4.15
东方电缆,603606,2023-04-26,45.2,48.81,49.62,44.71,362609,1762408034.0,10.81,7.42,3.37,5.27
东方电缆,603606,2023-04-27,48.75,47.97,49.45,47.77,187523,912594070.0,3.44,-1.72,-0.84,2.73
东方电缆,603606,2023-04-28,48.0,46.85,48.2,45.88,144427,674973161.0,4.84,-2.33,-1.12,2.1
东方电缆,603606,2023-05-04,46.53,45.86,47.54,45.67,117498,543875123.0,3.99,-2.11,-0.99,1.71
东方电缆,603606,2023-05-05,45.63,43.75,45.63,43.2,149505,655823552.0,5.3,-4.6,-2.11,2.17
东方电缆,603606,2023-05-08,44.42,47.16,47.79,44.29,200689,931409571.0,8.0,7.79,3.41,2.92
东方电缆,603606,2023-05-09,47.15,46.14,47.15,45.79,121797,564304525.0,2.88,-2.16,-1.02,1.77
东方电缆,603606,2023-05-10,46.27,49.27,50.48,45.56,275359,1346558836.0,10.66,6.78,3.13,4.0
东方电缆,603606,2023-05-11,49.16,49.71,50.86,48.5,186200,924752095.0,4.79,0.89,0.44,2.71
东方电缆,603606,2023-05-12,49.64,49.21,50.74,48.9,172534,857913820.0,3.7,-1.01,-0.5,2.51
东方电缆,603606,2023-05-15,49.85,51.13,51.56,49.81,279483,1418659254.0,3.56,3.9,1.92,4.06
东方电缆,603606,2023-05-16,51.13,53.48,53.83,50.5,266322,1409092074.0,6.51,4.6,2.35,3.87
东方电缆,603606,2023-05-17,53.02,53.5,54.42,52.02,213586,1134773851.0,4.49,0.04,0.02,3.11
东方电缆,603606,2023-05-18,54.3,53.6,54.33,52.5,160506,852603035.0,3.42,0.19,0.1,2.33
东方电缆,603606,2023-05-19,53.0,52.4,53.11,51.79,119319,627388204.0,2.46,-2.24,-1.2,1.74
东方电缆,603606,2023-05-22,51.8,52.49,53.96,51.79,123769,654569164.0,4.14,0.17,0.09,1.8
东方电缆,603606,2023-05-23,52.87,52.06,53.18,52.01,71885,376994988.0,2.23,-0.82,-0.43,1.05
东方电缆,603606,2023-05-24,51.97,53.14,53.5,51.67,112693,596972061.0,3.52,2.07,1.08,1.64
东方电缆,603606,2023-05-25,52.41,54.18,54.19,51.83,123335,659082148.0,4.44,1.96,1.04,1.79
东方电缆,603606,2023-05-26,53.96,52.0,53.97,51.26,113578,594232925.0,5.0,-4.02,-2.18,1.65
东方电缆,603606,2023-05-29,51.87,50.51,52.01,50.37,124340,633143780.0,3.15,-2.87,-1.49,1.81
东方电缆,603606,2023-05-30,50.2,49.6,50.69,48.63,144244,711111882.0,4.08,-1.8,-0.91,2.1
东方电缆,603606,2023-05-31,49.82,49.0,50.4,48.9,82284,406334421.0,3.02,-1.21,-0.6,1.2
东方电缆,603606,2023-06-01,49.8,51.29,53.0,49.79,182914,951764706.0,6.55,4.67,2.29,2.66
东方电缆,603606,2023-06-02,50.83,51.91,53.38,50.83,117713,616025362.0,4.97,1.21,0.62,1.71
东方电缆,603606,2023-06-05,51.72,51.14,51.72,50.49,70143,357589484.0,2.37,-1.48,-0.77,1.02
东方电缆,603606,2023-06-06,51.1,50.1,51.32,49.84,68069,342732170.0,2.89,-2.03,-1.04,0.99
东方电缆,603606,2023-06-07,50.19,48.92,50.4,48.74,67860,333060793.0,3.31,-2.36,-1.18,0.99
东方电缆,603606,2023-06-08,49.08,48.57,49.9,48.32,65422,319578566.0,3.23,-0.72,-0.35,0.95
东方电缆,603606,2023-06-09,48.47,50.73,51.95,47.88,200945,1009520228.0,8.38,4.45,2.16,2.92
东方电缆,603606,2023-06-12,48.0,45.66,48.01,45.66,210751,965507575.0,4.63,-9.99,-5.07,3.06
东方电缆,603606,2023-06-13,45.01,46.35,47.85,45.01,172786,805852097.0,6.22,1.51,0.69,2.51
东方电缆,603606,2023-06-14,46.1,45.42,46.32,45.21,121099,551700697.0,2.39,-2.01,-0.93,1.76
东方电缆,603606,2023-06-15,45.45,47.9,48.13,45.45,131249,618178988.0,5.9,5.46,2.48,1.91
东方电缆,603606,2023-06-16,48.0,49.51,50.28,47.52,103688,506984945.0,5.76,3.36,1.61,1.51
东方电缆,603606,2023-06-19,49.53,49.0,49.89,48.39,78623,384635876.0,3.03,-1.03,-0.51,1.14
东方电缆,603606,2023-06-20,49.1,48.47,49.2,48.17,55774,270406362.0,2.1,-1.08,-0.53,0.81
东方电缆,603606,2023-06-21,48.51,47.86,49.37,47.75,53193,257116213.0,3.34,-1.26,-0.61,0.77
东方电缆,603606,2023-06-26,47.01,48.3,48.98,46.6,79204,379372191.0,4.97,0.92,0.44,1.15
东方电缆,603606,2023-06-27,48.95,47.91,49.46,47.7,52107,251898871.0,3.64,-0.81,-0.39,0.76
东方电缆,603606,2023-06-28,47.91,48.0,48.15,47.17,34189,163336200.0,2.05,0.19,0.09,0.5
东方电缆,603606,2023-06-29,47.88,48.06,48.6,47.27,52808,253402765.0,2.77,0.13,0.06,0.77
东方电缆,603606,2023-06-30,47.83,49.03,49.75,47.45,79125,386830571.0,4.79,2.02,0.97,1.15
东方电缆,603606,2023-07-03,49.2,52.22,52.85,48.78,177865,910912950.0,8.3,6.51,3.19,2.59
东方电缆,603606,2023-07-04,52.25,50.78,52.4,50.31,90025,461111989.0,4.0,-2.76,-1.44,1.31
东方电缆,603606,2023-07-05,50.78,50.29,51.38,50.2,52339,264983857.0,2.32,-0.96,-0.49,0.76
东方电缆,603606,2023-07-06,50.7,49.68,50.75,49.36,60680,301957333.0,2.76,-1.21,-0.61,0.88
东方电缆,603606,2023-07-07,49.5,47.95,49.5,47.7,76692,370448600.0,3.62,-3.48,-1.73,1.12
东方电缆,603606,2023-07-10,48.19,47.69,48.35,47.3,67009,320152094.0,2.19,-0.54,-0.26,0.97
东方电缆,603606,2023-07-11,47.69,47.85,48.05,47.4,44358,211511781.0,1.36,0.34,0.16,0.65
东方电缆,603606,2023-07-12,47.85,47.18,47.85,46.8,49077,231639909.0,2.19,-1.4,-0.67,0.71
东方电缆,603606,2023-07-13,47.5,47.71,48.18,47.3,44452,212058795.0,1.87,1.12,0.53,0.65
东方电缆,603606,2023-07-14,47.79,46.88,47.99,46.7,65167,306378110.0,2.7,-1.74,-0.83,0.95
东方电缆,603606,2023-07-17,46.6,47.18,47.29,46.46,35686,167496832.0,1.77,0.64,0.3,0.52
东方电缆,603606,2023-07-18,47.0,46.01,47.0,45.5,92850,426591521.0,3.18,-2.48,-1.17,1.35
东方电缆,603606,2023-07-19,46.0,45.22,46.0,44.89,57700,261130894.0,2.41,-1.72,-0.79,0.84
东方电缆,603606,2023-07-20,45.38,45.11,45.99,45.01,34933,158895480.0,2.17,-0.24,-0.11,0.51
东方电缆,603606,2023-07-21,45.12,45.15,45.91,44.82,39901,180761463.0,2.42,0.09,0.04,0.58
东方电缆,603606,2023-07-24,45.24,44.62,45.25,44.3,28089,125699776.0,2.1,-1.17,-0.53,0.41
东方电缆,603606,2023-07-25,44.82,44.85,45.31,44.6,42298,189740004.0,1.59,0.52,0.23,0.62
东方电缆,603606,2023-07-26,44.85,45.23,45.28,44.52,37605,169017117.0,1.69,0.85,0.38,0.55
东方电缆,603606,2023-07-27,45.31,45.65,46.3,45.25,56513,258816835.0,2.32,0.93,0.42,0.82
东方电缆,603606,2023-07-28,45.79,45.81,45.83,44.92,40786,185862353.0,1.99,0.35,0.16,0.59
东方电缆,603606,2023-07-31,45.67,46.43,46.73,45.6,54404,252159933.0,2.47,1.35,0.62,0.79
东方电缆,603606,2023-08-01,46.45,46.31,46.62,46.0,28102,129737801.0,1.34,-0.26,-0.12,0.41
东方电缆,603606,2023-08-02,46.47,46.88,47.1,46.47,40240,188191734.0,1.36,1.23,0.57,0.59
东方电缆,603606,2023-08-03,46.46,47.64,47.79,46.39,50694,239380719.0,2.99,1.62,0.76,0.74
东方电缆,603606,2023-08-04,47.66,44.9,47.98,43.86,151505,690593233.0,8.65,-5.75,-2.74,2.2
东方电缆,603606,2023-08-07,45.98,44.99,46.44,44.86,107033,488853008.0,3.52,0.2,0.09,1.56
东方电缆,603606,2023-08-08,45.33,42.6,45.33,42.1,187657,805794803.0,7.18,-5.31,-2.39,2.73
东方电缆,603606,2023-08-09,42.56,42.4,43.2,42.2,73176,311396719.0,2.35,-0.47,-0.2,1.06
东方电缆,603606,2023-08-10,42.2,42.36,43.03,42.2,55245,234757815.0,1.96,-0.09,-0.04,0.8
东方电缆,603606,2023-08-11,42.36,41.7,42.51,41.5,57971,242302506.0,2.38,-1.56,-0.66,0.84
东方电缆,603606,2023-08-14,41.22,42.32,42.5,40.68,70260,291988636.0,4.36,1.49,0.62,1.02
东方电缆,603606,2023-08-15,42.0,41.45,42.25,41.12,38902,161828102.0,2.67,-2.06,-0.87,0.57
东方电缆,603606,2023-08-16,41.43,40.56,41.49,40.4,51285,208902628.0,2.63,-2.15,-0.89,0.75
东方电缆,603606,2023-08-17,40.5,40.94,41.27,40.33,43575,177910256.0,2.32,0.94,0.38,0.63
东方电缆,603606,2023-08-18,40.88,40.5,41.27,40.47,34273,140132609.0,1.95,-1.07,-0.44,0.5
东方电缆,603606,2023-08-21,40.22,40.27,40.75,39.91,39616,159793939.0,2.07,-0.57,-0.23,0.58
东方电缆,603606,2023-08-22,40.32,39.78,40.72,38.99,76270,302019776.0,4.3,-1.22,-0.49,1.11
东方电缆,603606,2023-08-23,39.49,38.4,39.59,38.36,57148,222267069.0,3.09,-3.47,-1.38,0.83
东方电缆,603606,2023-08-24,39.11,38.6,39.4,38.47,52529,204470350.0,2.42,0.52,0.2,0.76
东方电缆,603606,2023-08-25,38.44,37.92,38.72,37.8,42380,161735550.0,2.38,-1.76,-0.68,0.62
东方电缆,603606,2023-08-28,40.45,37.5,40.45,37.07,91409,348765557.0,8.91,-1.11,-0.42,1.33
东方电缆,603606,2023-08-29,37.5,38.18,38.48,37.26,62379,237185569.0,3.25,1.81,0.68,0.91
东方电缆,603606,2023-08-30,38.25,37.22,38.28,36.81,115501,432909693.0,3.85,-2.51,-0.96,1.68
东方电缆,603606,2023-08-31,37.22,37.0,37.22,36.6,53642,198044448.0,1.67,-0.59,-0.22,0.78
东方电缆,603606,2023-09-01,36.85,36.95,37.11,36.67,39643,146369939.0,1.19,-0.14,-0.05,0.58
东方电缆,603606,2023-09-04,37.13,37.44,37.45,36.62,66024,245337690.0,2.25,1.33,0.49,0.96
东方电缆,603606,2023-09-05,37.43,37.46,37.83,37.1,46732,174962557.0,1.95,0.05,0.02,0.68
东方电缆,603606,2023-09-06,37.44,37.23,37.44,36.82,41658,154729158.0,1.66,-0.61,-0.23,0.61
东方电缆,603606,2023-09-07,37.27,36.3,37.28,36.27,53860,196976362.0,2.71,-2.5,-0.93,0.78
东方电缆,603606,2023-09-08,36.0,35.76,36.25,35.45,51551,184396357.0,2.2,-1.49,-0.54,0.75
东方电缆,603606,2023-09-11,35.99,36.45,36.7,35.65,50340,182488346.0,2.94,1.93,0.69,0.73
东方电缆,603606,2023-09-12,36.34,36.54,36.73,36.07,39012,142224014.0,1.81,0.25,0.09,0.57
东方电缆,603606,2023-09-13,36.5,36.09,36.92,35.87,45839,166318899.0,2.87,-1.23,-0.45,0.67
东方电缆,603606,2023-09-14,36.1,35.38,36.25,35.2,54416,193748670.0,2.91,-1.97,-0.71,0.79
东方电缆,603606,2023-09-15,35.48,33.5,35.5,33.2,217133,733338083.0,6.5,-5.31,-1.88,3.16
东方电缆,603606,2023-09-18,33.65,33.93,34.48,33.35,133145,451925876.0,3.37,1.28,0.43,1.94
东方电缆,603606,2023-09-19,33.94,33.46,34.0,33.04,89837,299956047.0,2.83,-1.39,-0.47,1.31
东方电缆,603606,2023-09-20,33.43,33.0,33.83,33.0,51695,171876032.0,2.48,-1.37,-0.46,0.75
东方电缆,603606,2023-09-21,33.0,32.61,33.14,32.57,56810,185945463.0,1.73,-1.18,-0.39,0.83
东方电缆,603606,2023-09-22,32.68,33.4,33.49,32.6,65209,216063513.0,2.73,2.42,0.79,0.95
东方电缆,603606,2023-09-25,33.56,34.08,34.5,33.3,105240,356296932.0,3.59,2.04,0.68,1.53
东方电缆,603606,2023-09-26,35.02,35.18,36.36,34.71,166812,588092595.0,4.84,3.23,1.1,2.43
东方电缆,603606,2023-09-27,35.01,38.7,38.7,34.8,299903,1135982252.0,11.09,10.01,3.52,4.36
东方电缆,603606,2023-09-28,38.2,39.81,41.4,38.2,312163,1252093248.0,8.27,2.87,1.11,4.54
东方电缆,603606,2023-10-09,40.1,40.18,41.02,39.4,153594,620074638.0,4.07,0.93,0.37,2.23
东方电缆,603606,2023-10-10,40.18,39.65,40.54,39.53,100185,399232349.0,2.51,-1.32,-0.53,1.46
东方电缆,603606,2023-10-11,40.0,39.47,40.29,39.21,91161,362187692.0,2.72,-0.45,-0.18,1.33
东方电缆,603606,2023-10-12,39.46,41.94,43.13,39.24,204931,849166272.0,9.86,6.26,2.47,2.98
东方电缆,603606,2023-10-13,41.95,42.44,42.52,41.1,115572,483945072.0,3.39,1.19,0.5,1.68
东方电缆,603606,2023-10-16,42.36,41.67,42.72,41.31,70810,296022278.0,3.32,-1.81,-0.77,1.03
东方电缆,603606,2023-10-17,41.68,42.27,42.66,41.68,101471,428103290.0,2.35,1.44,0.6,1.48
东方电缆,603606,2023-10-18,41.53,40.68,41.88,40.39,105702,431707966.0,3.52,-3.76,-1.59,1.54
东方电缆,603606,2023-10-19,40.44,39.8,40.59,39.5,83200,332554248.0,2.68,-2.16,-0.88,1.21
东方电缆,603606,2023-10-20,39.7,41.85,43.06,39.51,183293,766678602.0,8.92,5.15,2.05,2.67
东方电缆,603606,2023-10-23,41.6,40.48,41.72,39.91,114265,463500406.0,4.32,-3.27,-1.37,1.66
东方电缆,603606,2023-10-24,40.0,41.0,41.93,39.8,106382,434314738.0,5.26,1.28,0.52,1.55
东方电缆,603606,2023-10-25,41.19,40.65,41.45,40.01,83051,339506371.0,3.51,-0.85,-0.35,1.21
东方电缆,603606,2023-10-26,39.8,42.29,42.87,39.01,161214,667125843.0,9.5,4.03,1.64,2.34
东方电缆,603606,2023-10-27,42.4,43.2,43.45,41.67,146187,626724319.0,4.21,2.15,0.91,2.13
东方电缆,603606,2023-10-30,43.24,43.22,43.68,41.5,135854,577866368.0,5.05,0.05,0.02,1.98
东方电缆,603606,2023-10-31,42.7,42.1,43.12,41.78,78706,332229790.0,3.1,-2.59,-1.12,1.14
东方电缆,603606,2023-11-01,41.99,43.93,45.15,41.88,153145,669579993.0,7.77,4.35,1.83,2.23
东方电缆,603606,2023-11-02,43.5,44.34,45.1,43.2,114443,505923925.0,4.33,0.93,0.41,1.66
东方电缆,603606,2023-11-03,44.4,45.85,46.46,44.3,129845,594432033.0,4.87,3.41,1.51,1.89
东方电缆,603606,2023-11-06,46.26,46.0,47.93,44.5,179388,820026569.0,7.48,0.33,0.15,2.61
东方电缆,603606,2023-11-07,45.52,45.76,46.01,44.95,78832,359364339.0,2.3,-0.52,-0.24,1.15
东方电缆,603606,2023-11-08,45.32,44.31,46.22,43.92,109702,491707338.0,5.03,-3.17,-1.45,1.6
东方电缆,603606,2023-11-09,44.02,44.69,45.17,44.0,65787,293703826.0,2.64,0.86,0.38,0.96
东方电缆,603606,2023-11-10,45.0,44.87,45.46,43.86,69500,311637460.0,3.58,0.4,0.18,1.01
东方电缆,603606,2023-11-13,45.08,44.62,45.67,44.05,65210,290271108.0,3.61,-0.56,-0.25,0.95
东方电缆,603606,2023-11-14,44.11,44.55,44.73,44.0,47311,209745453.0,1.64,-0.16,-0.07,0.69
东方电缆,603606,2023-11-15,44.97,45.39,45.92,44.58,71310,323277546.0,3.01,1.89,0.84,1.04
东方电缆,603606,2023-11-16,45.02,44.12,45.26,44.03,47600,211612751.0,2.71,-2.8,-1.27,0.69
东方电缆,603606,2023-11-17,44.06,44.0,44.38,43.44,44695,196386808.0,2.13,-0.27,-0.12,0.65
东方电缆,603606,2023-11-20,44.0,43.02,44.0,42.81,90800,392003006.0,2.7,-2.23,-0.98,1.32
东方电缆,603606,2023-11-21,43.03,41.92,43.26,41.73,136219,575931210.0,3.56,-2.56,-1.1,1.98
东方电缆,603606,2023-11-22,41.61,40.89,42.09,40.58,100399,411794566.0,3.6,-2.46,-1.03,1.46
东方电缆,603606,2023-11-23,40.85,40.85,41.03,40.35,58212,236905198.0,1.66,-0.1,-0.04,0.85
东方电缆,603606,2023-11-24,40.8,39.98,40.8,39.7,100571,402499141.0,2.69,-2.13,-0.87,1.46
东方电缆,603606,2023-11-27,40.0,39.91,40.35,39.17,68914,273261790.0,2.95,-0.18,-0.07,1.0
东方电缆,603606,2023-11-28,39.98,41.94,42.0,39.58,123861,510906543.0,6.06,5.09,2.03,1.8
东方电缆,603606,2023-11-29,41.67,41.42,42.25,41.18,65433,273437767.0,2.55,-1.24,-0.52,0.95
东方电缆,603606,2023-11-30,41.42,41.0,42.0,40.84,48115,198733551.0,2.8,-1.01,-0.42,0.7
东方电缆,603606,2023-12-01,40.99,41.01,41.23,40.21,47956,195201491.0,2.49,0.02,0.01,0.7
东方电缆,603606,2023-12-04,41.01,41.72,42.0,40.78,60156,249897650.0,2.97,1.73,0.71,0.87
东方电缆,603606,2023-12-05,42.3,43.13,45.09,42.3,164239,718463064.0,6.69,3.38,1.41,2.39
东方电缆,603606,2023-12-06,42.65,42.98,44.26,42.5,85003,368385482.0,4.08,-0.35,-0.15,1.24
东方电缆,603606,2023-12-07,42.97,41.88,42.97,41.17,95710,399638251.0,4.19,-2.56,-1.1,1.39
东方电缆,603606,2023-12-08,41.89,42.8,42.8,41.75,79370,334514132.0,2.51,2.2,0.92,1.15
东方电缆,603606,2023-12-11,42.1,43.25,43.42,41.45,72755,310520699.0,4.6,1.05,0.45,1.06
东方电缆,603606,2023-12-12,43.08,42.86,43.5,42.55,40250,172633683.0,2.2,-0.9,-0.39,0.59
东方电缆,603606,2023-12-13,42.5,42.11,42.85,42.0,35896,151789868.0,1.98,-1.75,-0.75,0.52
东方电缆,603606,2023-12-14,42.53,42.91,43.45,42.28,56170,241471796.0,2.78,1.9,0.8,0.82
东方电缆,603606,2023-12-15,42.5,41.8,43.43,41.11,72598,305255272.0,5.41,-2.59,-1.11,1.06
东方电缆,603606,2023-12-18,41.79,41.05,41.82,40.99,43625,180080312.0,1.99,-1.79,-0.75,0.63
东方电缆,603606,2023-12-19,41.04,41.41,41.9,40.75,36280,149912443.0,2.8,0.88,0.36,0.53
东方电缆,603606,2023-12-20,41.6,40.5,42.16,40.5,46340,190042201.0,4.01,-2.2,-0.91,0.67
东方电缆,603606,2023-12-21,40.3,41.05,41.12,39.78,71557,288427106.0,3.31,1.36,0.55,1.04
东方电缆,603606,2023-12-22,40.8,40.35,40.99,39.52,74815,301394442.0,3.58,-1.71,-0.7,1.09
东方电缆,603606,2023-12-25,40.18,41.3,41.75,40.05,52798,217794965.0,4.21,2.35,0.95,0.77
东方电缆,603606,2023-12-26,41.21,40.45,41.38,39.99,37708,152250031.0,3.37,-2.06,-0.85,0.55
东方电缆,603606,2023-12-27,40.58,40.31,40.88,40.2,32066,130005348.0,1.68,-0.35,-0.14,0.47
东方电缆,603606,2023-12-28,39.81,43.3,43.65,39.81,143709,609787335.0,9.53,7.42,2.99,2.09
东方电缆,603606,2023-12-29,43.6,42.75,43.69,42.57,63813,274010000.0,2.59,-1.27,-0.55,0.93
东方电缆,603606,2024-01-02,42.76,42.65,42.96,41.66,59731,253470915.0,3.04,-0.23,-0.1,0.87
东方电缆,603606,2024-01-03,42.6,41.3,42.6,41.0,64108,265726837.0,3.75,-3.17,-1.35,0.93
东方电缆,603606,2024-01-04,41.3,40.2,41.4,40.04,47532,192788343.0,3.29,-2.66,-1.1,0.69
东方电缆,603606,2024-01-05,40.12,37.57,40.16,37.1,144372,555129784.0,7.61,-6.54,-2.63,2.1
东方电缆,603606,2024-01-08,37.49,37.22,38.12,37.14,72805,273571662.0,2.61,-0.93,-0.35,1.06
东方电缆,603606,2024-01-09,37.3,36.8,37.8,36.47,69930,257976270.0,3.57,-1.13,-0.42,1.02
东方电缆,603606,2024-01-10,36.71,37.31,38.07,36.42,65957,246652399.0,4.48,1.39,0.51,0.96
东方电缆,603606,2024-01-11,37.58,38.77,39.19,37.3,75813,291005574.0,5.07,3.91,1.46,1.1
东方电缆,603606,2024-01-12,38.6,40.43,40.77,38.23,141605,568072978.0,6.55,4.28,1.66,2.06
东方电缆,603606,2024-01-15,40.2,39.07,40.37,38.69,83573,327894332.0,4.16,-3.36,-1.36,1.22
东方电缆,603606,2024-01-16,39.05,39.91,40.28,38.74,64592,256389006.0,3.94,2.15,0.84,0.94
东方电缆,603606,2024-01-17,39.66,38.96,39.81,38.76,40548,158550097.0,2.63,-2.38,-0.95,0.59
东方电缆,603606,2024-01-18,38.72,39.31,39.5,37.67,67144,257361859.0,4.7,0.9,0.35,0.98
东方电缆,603606,2024-01-19,39.2,37.59,39.56,37.58,69845,266419967.0,5.04,-4.38,-1.72,1.02
东方电缆,603606,2024-01-22,37.57,36.43,37.74,36.0,58969,217653283.0,4.63,-3.09,-1.16,0.86
东方电缆,603606,2024-01-23,36.43,38.8,39.76,36.43,127259,490585996.0,9.14,6.51,2.37,1.85
东方电缆,603606,2024-01-24,38.8,38.27,39.68,37.2,72903,278612734.0,6.39,-1.37,-0.53,1.06
东方电缆,603606,2024-01-25,38.49,38.18,38.49,37.02,72532,274090028.0,3.84,-0.24,-0.09,1.05
东方电缆,603606,2024-01-26,37.72,37.31,37.95,36.82,71665,267239618.0,2.96,-2.28,-0.87,1.04
东方电缆,603606,2024-01-29,37.36,35.39,37.5,35.0,93734,334238082.0,6.7,-5.15,-1.92,1.36
东方电缆,603606,2024-01-30,35.0,34.83,36.0,34.79,47108,166025278.0,3.42,-1.58,-0.56,0.68
